CellID,Length,Synapses,Density,Degree,WeightedDegree
76391,13.83844,16,1.1561997,0,1
78455,22.72062,32,1.4084123,3,9
81159,21.26793,12,0.56422981,4,7
79473,25.48146,32,1.255815,2,12
78457,27.71063,20,0.72174469,6,13
81155,26.31532,12,0.45600814,2,6
78413,27.82195,33,1.1861138,10,21
76293,46.17942,38,0.82287738,0,8
81512,30.5105,22,0.72106324,2,2
78393,27.29605,32,1.1723308,12,30
79008,29.45779,24,0.81472507,5,11
80691,30.36408,27,0.88920856,3,18
79031,34.15276,24,0.70272505,3,9
76633,33.95033,21,0.61855069,1,2
81513,31.45238,20,0.63588193,4,12
79652,32.40863,44,1.3576631,3,11
78460,33.86359,37,1.0926189,4,22
79692,35.76172,28,0.7829601,3,6
79646,32.44093,39,1.202185,1,2
77075,37.55282,67,1.7841536,4,30
81156,35.34905,17,0.48091816,2,5
77061,36.89729,81,2.1952832,2,41
76387,34.63209,26,0.7507488,3,18
78771,37.70357,59,1.5648386,1,2
78793,36.43365,28,0.76852031,8,18
78765,40.1179,74,1.8445632,2,12
78392,40.90537,32,0.78229338,8,26
78580,41.59794,39,0.93754643,3,13
79330,38.66896,23,0.59479231,1,2
78430,40.83109,35,0.85718995,7,29
79653,39.17009,60,1.531781,2,8
77490,41.33946,1,0.024189963,0,0
80725,39.07594,24,0.61418868,1,14
77536,43.62041,39,0.89407688,0,25
79919,43.10031,28,0.6496473,3,7
78232,40.92386,84,2.0525923,4,35
77484,43.05672,20,0.46450357,0,1
79667,44.00649,39,0.88623292,4,13
77041,44.77792,51,1.1389542,1,8
80828,49.13539,29,0.59020596,11,19
78770,47.17189,130,2.7558786,1,36
78764,51.52415,112,2.1737379,0,24
77527,45.24085,18,0.39787051,0,0
77253,51.37739,61,1.1872927,6,26
79018,44.5282,91,2.0436487,4,22
78786,46.48247,36,0.77448552,2,7
77512,49.13117,10,0.20353678,0,0
78760,47.9436,130,2.7115194,1,13
79137,45.34641,45,0.99236081,2,5
76485,67.25723,135,2.0072191,1,38
77485,51.21699,42,0.82004038,1,1
77524,48.77319,24,0.49207362,0,4
78788,49.51827,39,0.7875881,6,13
79832,51.4022,43,0.83654007,2,9
79399,49.32591,66,1.3380392,2,10
78399,50.1663,36,0.71761322,4,23
79977,51.11007,39,0.76305902,5,21
77528,52.72375,57,1.0811067,1,25
79236,52.46235,37,0.70526768,6,12
76413,49.47631,42,0.84889112,0,0
76935,54.95117,30,0.54593924,1,13
78759,54.86824,146,2.6609201,3,24
78454,56.29451,51,0.9059498,2,19
76274,53.3094,100,1.8758418,3,33
81013,55.54646,49,0.88214442,7,15
77506,56.69347,29,0.51152276,0,0
79456,56.95678,71,1.2465592,4,34
78784,58.21261,42,0.72149316,7,15
79875,60.00261,45,0.74996738,1,10
79677,58.33289,62,1.0628652,4,20
76262,64.20562,105,1.6353709,0,59
77514,61.34957,50,0.81500164,1,30
76835,65.78986,66,1.0031941,0,1
79760,57.91517,83,1.4331306,3,11
77501,61.23311,29,0.47359999,1,10
80811,61.97199,47,0.75840714,11,38
77493,62.26332,27,0.43364215,1,5
77535,59.36813,29,0.48847757,0,5
79773,64.84107,40,0.61689297,2,3
77904,66.70321,38,0.56968773,7,82
76265,65.40506,80,1.223147,0,28
77905,63.03575,43,0.68215259,4,21
77509,65.61786,97,1.4782561,1,39
76400,80.36542,76,0.94568037,3,35
77507,64.7467,66,1.019357,0,1
77053,66.44132,109,1.6405454,10,52
80607,71.04781,158,2.2238546,1,23
77517,69.40009,36,0.51873132,3,25
79911,69.25617,39,0.56312672,3,11
77489,66.04272,17,0.25740914,1,3
81511,66.19254,47,0.7100498,9,20
77539,67.95456,21,0.30903003,3,10
81514,74.61569,74,0.99174852,2,2
77071,69.75675,151,2.1646651,2,36
76267,69.79378,51,0.73072414,1,48
80874,75.56363,142,1.8792109,1,6
76261,75.29766,128,1.69992,0,48
76901,70.08527,19,0.27109833,5,18
79014,70.72339,86,1.2160051,6,37
76271,72.54208,101,1.3922953,0,94
79023,73.02726,81,1.1091748,8,26
77486,73.12564,90,1.2307585,2,30
77502,72.26991,24,0.33208842,0,3
80275,73.72045,160,2.1703611,1,6
79140,73.57013,92,1.2505075,4,14
79036,74.63391,48,0.64313929,1,2
81869,72.66614,39,0.53670114,1,11
77511,74.12023,45,0.6071217,1,21
78757,75.86723,163,2.1484902,1,5
78831,76.65259,83,1.0828075,3,38
76967,86.21195,116,1.3455211,1,7
77513,82.07637,79,0.9625182,1,39
81498,80.29167,22,0.27400103,2,5
77526,80.75707,102,1.2630473,1,28
77503,79.95282,61,0.76294995,1,18
76404,81.61377,63,0.77192856,14,63
77505,84.04713,108,1.2849933,6,55
77515,89.13127,82,0.91999138,3,31
81294,81.66213,62,0.75922585,18,36
78606,84.67342,107,1.2636787,3,6
77494,87.67204,52,0.59311954,0,29
77500,83.34368,28,0.33595829,1,7
80729,83.25355,73,0.87683949,11,39
81526,84.26872,79,0.93747716,3,12
77537,85.56814,86,1.005047,12,72
80330,84.98743,108,1.2707762,5,33
79723,84.42721,65,0.76989397,4,16
81021,93.15727,94,1.0090463,12,35
79012,94.46417,97,1.0268444,4,31
79782,88.24848,179,2.0283635,3,23
79130,85.29506,107,1.2544689,9,32
77529,89.39597,57,0.63761264,0,60
76351,90.86452,138,1.5187446,2,99
79792,88.76964,108,1.2166322,4,28
77074,85.85422,162,1.8869195,3,65
81523,110.3003,52,0.47144024,13,28
78405,87.54579,114,1.3021757,9,34
77510,88.53822,96,1.0842775,0,3
78082,89.34148,135,1.5110562,5,24
79451,85.39613,38,0.44498504,3,10
81620,87.00073,47,0.54022535,9,23
77531,93.22837,117,1.2549828,4,73
79025,93.09747,78,0.83783158,15,39
76273,91.80556,102,1.1110438,6,59
79009,89.12505,107,1.2005603,25,75
77076,95.22049,240,2.5204659,2,50
76857,92.18211,108,1.1715939,2,12
79573,96.89301,93,0.95982156,4,15
78391,91.40055,106,1.1597304,29,60
79651,93.27693,117,1.2543294,4,29
79586,92.69539,91,0.98171009,16,169
79167,97.61806,118,1.2087927,4,16
78599,95.2205,90,0.94517462,1,4
76355,101.4851,103,1.0149273,6,75
80808,97.91681,57,0.58212681,3,26
79657,97.10399,142,1.4623498,16,78
80536,102.7065,150,1.4604723,1,19
80313,97.71994,107,1.0949659,4,71
77532,104.5369,117,1.119222,6,85
79707,97.76272,135,1.3808945,10,37
79698,100.5471,108,1.0741235,4,21
79142,100.5113,154,1.532166,2,29
80188,96.64256,166,1.7176697,5,61
80205,98.11324,116,1.1823073,3,59
80355,100.7976,72,0.71430272,18,108
77525,98.67475,107,1.0843706,3,74
77498,110.236,94,0.85271599,1,59
81025,101.8264,73,0.71690642,17,61
79158,98.56648,124,1.2580342,6,19
80207,98.02393,137,1.3976179,5,15
79669,99.66397,139,1.3946866,5,28
78670,103.0521,95,0.9218638,21,41
78775,105.2115,118,1.1215504,1,12
78762,106.1389,57,0.53703213,7,33
77825,103.2268,109,1.0559273,1,39
79778,103.8786,107,1.0300485,2,12
79463,104.4865,109,1.043197,2,13
79504,101.5594,91,0.89602735,4,18
79671,103.7314,152,1.4653229,5,14
79899,102.6961,71,0.69136024,3,10
77533,105.0956,136,1.2940599,2,74
77078,103.1163,160,1.5516461,17,90
81522,106.0362,76,0.71673636,24,56
79160,104.2565,128,1.2277412,2,20
79650,110.3053,123,1.1150869,3,19
78861,110.809,58,0.52342319,5,16
76290,108.3645,99,0.91358332,36,102
78582,110.8946,133,1.199337,7,44
78632,114.597,54,0.47121652,14,25
79259,114.6855,162,1.4125587,3,33
79172,107.7166,102,0.94692926,7,27
80720,111.8111,75,0.67077419,4,12
78607,109.8425,151,1.3746956,1,6
79656,111.2832,166,1.4916897,2,24
76263,111.3894,140,1.2568521,25,100
79135,112.5957,131,1.1634547,2,23
77626,115.2364,62,0.53802444,31,52
77497,116.057,94,0.80994684,3,74
78627,117.6282,193,1.640763,6,29
79258,118.0072,80,0.67792474,4,16
77254,114.5552,243,2.1212481,1,32
79024,120.8477,141,1.1667578,13,49
80274,117.6649,150,1.2748067,3,20
79154,115.1401,131,1.1377444,9,33
76270,113.2978,169,1.4916441,3,24
78180,117.2714,169,1.4411016,3,18
79675,113.924,144,1.2640006,9,62
79700,131.3989,166,1.2633287,13,62
76406,118.6804,117,0.98584096,0,2
79120,118.0708,191,1.6176735,1,17
79781,116.5557,242,2.0762605,6,50
80615,113.9318,112,0.98304424,4,20
78821,119.6928,126,1.0526949,13,40
79013,115.4803,136,1.17769,8,44
79043,117.9741,122,1.0341253,4,50
79790,119.7472,157,1.3110954,3,22
79693,120.1669,146,1.2149768,3,19
81827,121.2969,139,1.1459485,6,32
78828,124.3828,69,0.55473908,5,24
79721,121.9247,116,0.95140689,2,22
79673,121.9759,157,1.2871395,6,26
77911,134.0413,90,0.67143485,3,49
80230,121.2709,183,1.5090182,11,62
76833,120.3643,66,0.54833535,10,29
76392,121.312,203,1.6733711,1,55
79757,127.7713,163,1.2757168,2,13
79578,131.061,201,1.533637,1,20
79180,130.8109,188,1.4371891,2,15
78781,127.7691,173,1.354005,5,26
79876,123.3802,106,0.85913299,2,9
81548,125.9822,51,0.40481909,9,25
79666,122.3691,143,1.1685957,11,65
79670,126.0115,161,1.2776612,9,35
78888,132.9685,85,0.63924915,4,19
76272,127.1874,180,1.4152345,4,105
77387,131.2146,50,0.38105516,6,9
79118,131.5673,144,1.0944969,1,9
79735,127.6276,100,0.78352958,12,47
79177,132.4229,108,0.81556891,5,25
79881,128.3678,128,0.9971348,7,25
79132,127.2804,114,0.89566029,3,33
81586,128.7899,81,0.62893131,4,13
79126,130.7091,171,1.3082486,3,24
78761,128.3051,166,1.2937911,2,27
79894,126.8723,284,2.2384713,6,52
79513,130.4336,235,1.801683,2,24
78118,132.2742,93,0.70308496,3,19
79691,134.2234,142,1.0579377,4,30
79690,134.0173,194,1.4475743,7,42
77066,139.7588,232,1.6600028,12,90
76487,129.9425,216,1.6622737,5,149
78401,138.3197,170,1.2290368,42,145
81062,133.8084,120,0.89680468,24,59
78834,134.9617,118,0.87432212,6,39
78626,131.4205,122,0.92831788,4,20
79864,137.1613,177,1.2904515,6,29
80279,127.4983,101,0.79216742,8,43
79867,133.1886,123,0.92350246,6,36
81815,138.072,130,0.94153775,5,34
79432,133.8637,122,0.91137478,3,13
78410,132.3786,132,0.99714002,0,17
79925,132.2268,303,2.2915173,3,20
79122,137.8963,234,1.6969273,5,32
81556,134.0653,105,0.78320043,8,18
79706,137.2195,106,0.77248496,5,34
76350,144.4071,136,0.94178195,52,153
79658,136.667,217,1.587801,22,82
81313,142.7234,137,0.95989866,6,18
78055,137.7044,251,1.822745,10,134
79197,138.948,166,1.1946915,4,27
76949,144.6953,175,1.209438,7,48
78844,143.4561,261,1.8193719,6,67
79119,143.0308,247,1.7269008,6,46
79685,143.8299,158,1.0985198,3,11
79182,141.1343,235,1.6650807,3,42
77030,141.2754,184,1.3024207,10,90
81544,139.3113,145,1.0408344,5,23
79676,141.0059,219,1.5531265,19,87
77047,143.4702,321,2.2373984,6,75
79152,144.7132,161,1.1125454,11,52
78440,143.6514,193,1.3435302,5,22
79220,144.0236,66,0.45825823,3,6
79131,144.5106,250,1.7299769,2,9
78985,145.2797,111,0.76404343,0,31
79145,143.744,178,1.2383126,11,55
78840,150.9189,135,0.89452017,3,36
79171,148.0685,103,0.69562398,5,17
79913,146.8085,335,2.2818842,4,27
77504,151.4878,165,1.0891966,38,150
78395,151.1142,177,1.1712996,44,131
79133,148.2077,257,1.734053,6,37
76568,150.9431,349,2.3121295,0,149
79311,152.8725,203,1.327904,3,18
79123,150.6981,238,1.5793165,4,33
80726,149.1894,131,0.87807847,14,46
78820,150.3362,175,1.1640576,9,32
79196,153.2744,169,1.1025977,4,28
77906,148.4777,172,1.1584231,17,119
81001,151.9567,212,1.3951343,5,73
77070,157.0458,346,2.2031789,11,176
78294,150.0925,75,0.49969186,5,23
79751,148.5777,202,1.359558,8,40
79241,156.6998,119,0.75941386,3,19
79784,153.4919,165,1.0749753,3,18
78873,156.5786,92,0.58756433,7,22
79312,155.2179,243,1.5655411,4,32
81813,152.7927,131,0.8573708,10,59
79668,152.6673,181,1.1855846,17,87
79153,163.2273,208,1.2742966,4,37
78699,153.483,113,0.73623789,2,37
79144,154.374,261,1.6906992,2,45
80612,157.5153,148,0.93959127,1,46
79030,160.3551,157,0.97907706,17,49
80604,154.1903,273,1.7705394,4,105
78766,161.5722,422,2.6118355,3,50
78697,154.355,245,1.5872502,0,37
79950,163.1852,133,0.81502489,7,18
78308,160.7836,209,1.2998838,6,48
79762,163.6769,131,0.80035729,4,20
79758,158.2071,246,1.5549239,4,38
81561,166.2073,54,0.32489548,3,6
79709,165.3005,183,1.1070747,7,27
81074,152.049,89,0.58533762,8,46
81642,169.7011,103,0.60694951,6,19
79162,158.6152,144,0.90785751,5,8
78797,158.4379,312,1.9692258,5,49
79764,159.6225,159,0.99610017,6,36
76473,154.659,182,1.1767825,0,3
79439,165.8464,202,1.2179945,4,20
80300,164.1095,106,0.6459102,2,27
78181,161.9442,223,1.3770175,11,28
78851,158.8417,172,1.0828391,2,41
77299,164.5313,82,0.49838541,35,74
79178,169.2326,331,1.9558879,4,26
76844,166.8883,149,0.89281274,1,40
81120,163.0582,127,0.77886301,9,51
77538,166.399,122,0.73317748,23,57
77908,167.1423,156,0.93333644,20,83
78439,171.0159,201,1.1753293,11,61
78684,168.3185,116,0.68916964,27,81
79660,169.3994,227,1.3400284,3,15
79975,165.6864,176,1.0622477,7,50
78802,165.9896,164,0.98801371,6,73
80554,167.7447,96,0.57229826,17,107
79642,171.0919,247,1.4436686,3,25
79714,167.869,230,1.370116,9,51
81507,188.2209,119,0.63223585,16,42
79937,169.6664,134,0.78978513,10,65
81024,172.8903,166,0.9601464,16,48
79664,166.7952,293,1.7566453,5,50
78179,173.6286,188,1.0827709,5,30
79254,172.6162,143,0.82842746,13,54
77611,168.452,138,0.81922447,2,19
79017,170.3226,148,0.8689393,26,67
80231,174.0587,347,1.9935803,7,63
77748,194.2089,69,0.35528753,26,76
78420,175.3701,159,0.90665398,50,154
80549,177.9698,208,1.1687376,4,8
80954,177.8586,232,1.304407,7,47
79232,178.1973,109,0.61168155,6,20
78603,183.5103,127,0.69205925,6,24
78554,179.9041,81,0.45023988,23,45
80165,169.5989,140,0.82547705,10,46
79885,171.5467,296,1.7254777,1,30
79767,175.1919,183,1.0445688,9,47
79032,182.2257,351,1.9261828,11,90
78102,181.3894,96,0.52924813,5,32
79248,177.5636,172,0.968667,6,45
77523,185.7378,263,1.4159746,0,107
79134,178.4082,305,1.7095627,3,40
77050,179.6166,210,1.169157,9,99
81613,180.5912,85,0.47067631,11,29
79523,182.8942,152,0.83108158,7,35
81016,181.6244,180,0.99105627,35,110
78824,177.8607,214,1.2031888,13,57
78854,181.6605,235,1.2936219,2,9
78855,179.3241,224,1.2491349,8,58
79678,180.4046,203,1.1252485,4,39
78819,181.2045,161,0.88849891,1,6
81299,187.9325,213,1.1333857,12,63
76292,176.7973,181,1.0237713,9,60
80043,184.8926,136,0.73556216,0,38
78581,182.3125,220,1.2067192,13,93
79206,188.0088,178,0.94676419,5,23
79680,184.5382,252,1.3655709,5,54
78412,185.2966,280,1.5110909,12,112
79199,184.3484,210,1.1391474,3,25
80470,180.8777,260,1.4374353,5,33
79820,201.2993,266,1.3214154,10,53
78185,191.4105,206,1.076221,14,60
79740,183.8903,176,0.95709235,5,17
80609,184.6387,189,1.0236207,3,50
80199,180.422,107,0.59305406,6,51
76941,196.0379,182,0.92839191,5,66
78239,187.8003,192,1.0223626,20,157
76957,189.9192,234,1.2321029,4,70
79164,187.3883,248,1.3234551,5,42
79166,189.3011,306,1.6164724,5,44
76353,188.3174,286,1.5187126,1,52
79726,187.2291,184,0.98275322,7,55
79969,187.3869,198,1.0566374,10,40
77025,200.4652,155,0.77320153,8,37
79121,191.82,377,1.9653842,4,42
80224,183.8215,69,0.37536414,8,12
79507,213.4478,256,1.1993565,4,32
79801,188.0542,425,2.2599867,2,39
80284,194.5824,250,1.2848027,8,19
78913,193.8523,111,0.57260089,6,18
76266,189.7608,277,1.4597325,2,126
79315,190.5711,309,1.6214421,4,49
81017,213.071,79,0.37076843,12,35
78842,190.0928,239,1.2572807,1,26
77802,183.0827,197,1.0760165,12,73
79159,187.4009,256,1.3660553,3,38
78258,193.7927,130,0.6708199,21,120
76864,196.4264,487,2.4793001,1,20
79958,195.8014,147,0.75076072,3,31
79136,196.174,290,1.4782795,4,46
81139,192.6652,106,0.5501772,26,61
79793,196.0226,292,1.4896242,11,77
77472,190.9728,130,0.68072521,10,50
78782,192.3297,186,0.96708933,3,34
81581,195.9881,148,0.75514789,10,20
79434,196.035,190,0.96921468,1,8
79128,195.755,295,1.5069858,4,61
79662,199.4462,204,1.0228322,3,54
76264,197.5464,356,1.8021083,10,111
78783,198.0705,230,1.1612027,11,47
79716,201.9296,266,1.3172908,1,20
81089,197.2542,159,0.80606649,2,32
79818,210.193,375,1.7840746,4,19
77894,206.6986,246,1.1901387,12,97
80496,215.4597,70,0.32488674,18,57
79139,199.4968,303,1.5188214,5,56
79699,200.4221,184,0.91806243,14,55
79872,199.1983,189,0.94880328,12,54
81114,200.8055,106,0.52787399,3,13
78280,203.9768,187,0.91677093,4,51
79908,199.0071,420,2.1104775,12,84
79787,206.2014,391,1.8962044,3,54
78845,204.9152,217,1.0589746,1,2
79965,202.7006,205,1.0113438,7,43
80187,212.3261,133,0.62639497,23,64
78863,204.3073,134,0.65587475,4,31
79251,207.1947,114,0.55020712,4,15
79684,207.1863,196,0.9460085,1,27
77779,220.5667,96,0.43524249,33,92
80937,209.8,253,1.2059104,9,37
79968,206.55,156,0.75526507,5,32
79775,200.9219,245,1.2193793,6,41
78142,207.2051,135,0.65152836,5,23
79694,207.097,301,1.4534252,1,31
80229,201.1012,406,2.018884,1,38
78154,212.1155,137,0.64587454,5,45
80357,211.8692,154,0.72686356,25,149
80490,214.5252,79,0.3682551,13,26
79979,208.3776,176,0.84462054,7,35
78177,208.3247,307,1.4736611,11,61
78843,209.4626,278,1.3272059,2,20
79941,212.7765,137,0.6438681,7,29
79455,211.3704,373,1.7646747,6,45
80582,212.6332,338,1.5895918,6,52
78261,213.3417,165,0.77340717,11,91
80232,211.3308,341,1.613584,6,89
78965,217.2329,158,0.72732998,5,31
79271,203.8028,253,1.2413961,2,68
78231,215.7548,187,0.86672463,22,204
79817,213.6064,166,0.77713027,2,25
81494,207.1959,113,0.54537759,15,50
78188,216.7568,362,1.6700745,5,38
80825,224.4764,179,0.79741122,6,18
79759,210.882,235,1.1143673,7,36
81489,217.3862,153,0.70381653,9,40
81643,220.1511,135,0.6132152,21,55
78340,218.5955,193,0.8829093,1,61
78680,220.6988,125,0.56638278,48,108
79704,215.5004,190,0.8816689,5,42
79422,238.3791,373,1.5647345,2,29
79509,222.2389,269,1.2104092,6,48
79193,212.5864,177,0.83260265,7,37
79861,216.9939,206,0.94933544,14,58
81574,247.7636,129,0.52065759,11,32
76407,215.2757,271,1.2588509,10,64
78964,218.1554,259,1.1872271,4,41
80689,216.2296,221,1.0220617,6,50
79728,215.6638,233,1.0803853,17,46
81432,227.827,109,0.4784332,21,44
76474,218.9463,484,2.2105877,1,24
76858,220.4984,440,1.9954793,0,88
77086,227.3531,293,1.2887442,31,136
77376,222.456,138,0.62034739,18,54
80943,230.347,138,0.59909615,12,27
79883,214.7398,269,1.2526788,6,43
78277,223.6226,232,1.0374622,10,53
80240,221.2844,210,0.94900499,29,122
80552,237.3809,93,0.39177541,24,69
80603,217.181,281,1.2938517,4,48
79812,222.5124,320,1.4381221,9,71
78450,223.8156,150,0.67019457,40,80
80503,226.5143,184,0.81231075,24,228
78264,231.6955,51,0.22011649,2,8
79902,220.2265,400,1.8163118,3,34
79800,222.8599,388,1.7410041,7,85
78397,229.2311,273,1.1909379,17,95
80519,226.8821,163,0.71843482,21,90
76837,221.0574,113,0.51117945,10,25
79794,226.5307,280,1.2360356,11,72
80635,226.9065,235,1.0356689,3,44
79308,227.6563,192,0.84337662,2,23
79408,226.1135,161,0.71203179,21,76
79838,225.6466,217,0.96168079,11,50
77589,229.7583,121,0.52664039,29,54
78293,232.3614,252,1.0845175,7,126
80810,228.4853,110,0.48143141,15,25
80529,230.0112,115,0.49997565,20,67
76879,226.3968,213,0.94082602,20,66
79477,226.7236,251,1.1070749,16,71
81798,228.202,224,0.98158649,6,68
79516,229.4619,158,0.68856747,6,48
80352,225.8923,180,0.79683991,10,97
79165,224.6253,304,1.3533649,4,43
76471,237.8456,195,0.81985961,19,64
76198,225.6948,173,0.76652187,17,45
80514,232.1817,135,0.58144117,16,85
78184,228.8383,331,1.4464362,2,34
79672,225.3784,281,1.2467921,9,76
78610,235.0701,276,1.1741178,1,30
79472,235.1101,882,3.7514339,4,19
79187,229.7437,295,1.2840396,1,19
78794,230.7262,287,1.2438986,10,51
76778,238.3857,236,0.98999227,8,102
80518,235.7784,88,0.37323181,21,108
79978,233.4881,191,0.81802884,7,49
79916,236.0932,536,2.2702899,12,87
81290,234.5479,228,0.97208289,20,107
81747,238.663,166,0.69554141,17,65
77873,227.975,174,0.76324158,3,38
79481,233.2269,275,1.1791093,4,39
80482,236.7969,120,0.50676339,17,40
79922,240.8943,220,0.91326362,1,9
76890,246.2006,265,1.0763581,0,51
79230,237.3416,260,1.0954675,7,52
78869,232.2821,171,0.73617382,1,10
80517,243.4022,128,0.52587857,12,127
79296,242.1399,242,0.99942223,14,75
82145,238.7904,174,0.72867251,71,187
76401,235.2841,228,0.96904126,14,74
76190,238.2988,211,0.88544298,28,63
81592,227.3782,99,0.43539794,13,59
79713,238.5255,317,1.3289984,7,52
81108,236.4982,165,0.69767973,10,70
79957,238.5074,224,0.93917421,13,82
79765,237.3982,209,0.88037736,8,64
81088,239.7924,200,0.83405479,4,36
80655,242.0535,221,0.91302129,12,57
80547,242.6565,140,0.57694725,22,107
79568,232.8191,199,0.85474087,7,30
80873,238.2809,280,1.1750837,12,88
79737,240.0742,186,0.77476047,4,36
79780,242.42,240,0.99001733,3,30
80527,243.2625,140,0.57550999,19,158
79860,238.0738,215,0.90308131,15,57
80775,238.7939,219,0.91710885,17,79
78574,240.182,130,0.54125621,44,91
79184,243.7846,279,1.1444529,7,50
78113,246.1001,181,0.73547309,10,70
79580,237.2636,200,0.8429443,15,80
81302,239.1462,279,1.1666504,1,12
80042,239.8088,116,0.4837187,0,61
81684,241.1759,323,1.3392715,8,39
77864,244.9386,224,0.9145149,12,61
78054,245.0109,408,1.665232,7,50
81542,244.2384,416,1.7032539,5,70
78262,250.6891,109,0.43480151,17,128
80360,257.1072,48,0.18669255,3,12
78791,242.7743,310,1.2769062,7,75
81391,245.7237,125,0.50870144,14,34
79257,251.8247,236,0.93715986,3,43
77089,264.3333,726,2.7465325,10,231
81839,246.0506,230,0.93476708,24,124
81786,246.8807,239,0.96807891,15,76
80506,250.5865,100,0.3990638,15,88
79859,251.8697,323,1.2824091,7,51
78134,250.7547,436,1.7387511,5,38
79459,256.7068,486,1.8932105,4,56
76462,245.1042,170,0.69358257,2,9
77741,250.6834,133,0.53054969,11,42
79441,246.7254,571,2.3143138,4,44
81571,268.1683,115,0.42883518,18,45
80213,243.3202,219,0.90004858,32,124
78162,246.0289,259,1.0527219,11,42
80298,249.0405,307,1.2327312,2,24
78857,249.6963,277,1.1093476,9,64
76608,254.8485,269,1.0555291,25,141
79719,247.44,307,1.2407048,8,73
79396,256.4413,425,1.6572994,5,33
77233,266.0987,289,1.0860632,42,106
82140,272.6422,168,0.61619221,40,77
78635,246.7758,154,0.62404823,46,135
80686,249.4079,253,1.0144025,4,40
79267,257.169,293,1.1393286,8,78
78333,255.1376,308,1.2071917,17,225
78229,255.6677,254,0.99347708,22,302
76962,266.423,497,1.8654546,5,65
79339,257.0682,389,1.5132171,11,58
78136,258.8454,133,0.51382022,7,32
79661,251.8459,341,1.3540026,5,104
81101,249.5178,245,0.98189388,4,21
80291,252.6354,184,0.72832232,18,226
80524,257.9939,147,0.56978091,28,99
80610,250.5391,304,1.2133835,11,60
79696,255.6669,324,1.2672739,7,57
78702,262.8112,329,1.2518492,3,35
79156,258.8611,351,1.3559395,10,78
81490,247.8645,165,0.66568629,16,64
76634,254.456,237,0.93139875,44,101
80875,279.237,376,1.3465264,5,51
81795,254.9933,170,0.66668418,24,72
76268,256.034,427,1.6677473,3,77
78168,264.409,275,1.0400554,5,76
79647,257.3235,392,1.5233743,3,48
81758,258.6357,282,1.0903367,30,244
76193,260.4728,167,0.6411418,58,96
79361,262.7724,191,0.72686477,7,39
79169,258.441,234,0.90542909,11,45
76868,255.1911,348,1.3636839,10,164
80580,274.3031,221,0.8056781,16,104
79401,262.1569,283,1.0795062,11,39
78268,261.2437,184,0.7043232,26,217
81080,254.6726,154,0.60469795,5,59
81184,258.7935,145,0.56029228,10,54
76878,260.1968,181,0.69562731,47,96
77060,274.2153,447,1.630106,12,148
80256,265.4431,237,0.89284672,23,85
76454,259.2771,477,1.8397305,6,152
78907,265.2824,175,0.65967437,8,60
79150,256.757,269,1.0476832,11,86
77901,274.8049,309,1.1244341,28,246
77302,261.2539,235,0.8995081,98,254
78317,263.5788,149,0.56529584,21,166
81762,260.1865,260,0.99928321,3,59
79270,260.5886,283,1.086003,10,64
76348,261.4175,341,1.3044268,3,76
77068,257.7602,771,2.9911522,5,273
78595,301.4712,237,0.78614475,14,71
81844,261.1515,216,0.82710611,26,92
81751,262.2454,263,1.0028775,30,84
76291,266.2202,346,1.299676,9,59
78800,262.8063,303,1.1529404,10,84
79151,263.8111,258,0.9779725,4,45
79829,262.1818,212,0.80859922,17,66
79827,274.8484,192,0.69856692,10,55
78438,265.9281,256,0.96266622,72,149
81011,263.405,204,0.77447277,10,69
81501,270.0482,330,1.2220041,20,78
79927,263.6321,223,0.84587575,9,65
79963,264.4056,213,0.80558052,5,23
78958,263.664,220,0.83439529,6,78
76354,255.2727,181,0.70904566,10,30
80326,267.9913,118,0.4403128,23,108
80325,266.6992,157,0.58867818,26,235
80288,272.9583,268,0.98183495,4,32
81301,269.2748,270,1.0026932,16,82
81503,283.7503,159,0.56035183,14,31
78129,267.5513,222,0.82974742,13,74
80724,269.941,268,0.99280954,14,65
80573,267.0285,171,0.64038108,11,29
79117,273.9864,347,1.2664862,4,68
79557,276.9747,625,2.2565238,6,35
79839,267.1609,208,0.77855704,4,17
80021,273.514,180,0.6581016,1,91
79243,272.0411,218,0.8013495,6,49
76456,273.7296,282,1.0302138,33,115
77018,272.9453,342,1.2529983,11,83
79194,270.3963,326,1.2056378,11,89
81659,266.0339,309,1.1615061,9,39
78152,271.1579,203,0.74864129,6,38
81000,266.826,164,0.61463276,14,48
77250,288.1695,414,1.4366545,19,136
80742,272.6501,152,0.55749108,7,24
82143,286.947,220,0.76669211,98,254
79202,273.5991,241,0.88085085,6,29
76877,272.7278,246,0.90199826,18,75
80164,267.2318,166,0.62118356,22,75
78811,276.2285,277,1.002793,1,14
79163,279.0391,295,1.0571995,6,71
81082,278.6826,206,0.73919218,6,20
79830,270.9044,340,1.2550553,5,59
78409,281.1968,382,1.3584792,14,123
80041,279.7235,169,0.60416804,1,45
81293,288.153,204,0.70795723,24,59
76831,276.5237,234,0.84622041,26,86
76463,286.0433,502,1.7549791,7,81
78313,279.6276,138,0.49351352,29,170
81009,267.1777,162,0.60633803,8,63
81835,287.3955,249,0.86640187,10,58
80963,282.0562,315,1.1167987,32,105
78442,275.012,196,0.71269617,14,39
76925,278.1753,391,1.4055885,18,114
79203,273.0441,278,1.0181505,6,31
77156,275.7304,470,1.7045636,25,427
81307,283.4748,260,0.91718911,17,69
78160,275.3597,336,1.2202221,12,45
78979,272.5684,359,1.3171006,4,104
80289,283.183,220,0.77688279,4,29
79849,279.9125,284,1.0146028,4,59
77817,267.912,250,0.93314223,39,109
79328,284.0245,660,2.3237432,3,76
79736,281.619,263,0.93388585,22,96
77892,285.8153,355,1.2420609,10,123
78678,274.8464,98,0.35656279,6,18
80639,278.6025,124,0.44507856,20,45
78169,281.8577,297,1.0537232,4,37
81308,283.7291,229,0.80710791,16,70
79266,284.809,347,1.2183604,7,41
78400,285.4035,278,0.97405953,37,113
80879,281.1169,331,1.1774461,16,75
78830,281.3295,262,0.93129231,15,70
80710,289.2642,164,0.56695574,32,146
79804,273.2504,384,1.4053044,4,28
78622,290.2085,346,1.1922463,24,76
76867,279.2982,302,1.0812816,25,79
81179,274.3807,217,0.79087195,15,52
76875,284.0542,299,1.052616,39,195
78318,283.8525,172,0.60594851,13,148
77778,289.1042,168,0.58110536,35,169
78779,283.4266,228,0.80444108,7,30
76659,286.1117,147,0.51378535,23,56
79748,294.6575,323,1.0961879,11,82
81594,276.5782,201,0.72673841,10,47
80348,288.5629,258,0.89408583,25,287
78777,291.9899,393,1.345937,10,81
79884,290.664,416,1.4312058,13,124
76393,282.6444,324,1.1463167,47,150
77648,304.2935,263,0.86429713,108,210
76884,289.7314,229,0.79038723,46,137
81310,284.9501,247,0.86681844,23,69
78616,288.1337,233,0.80865237,38,151
78839,289.3535,401,1.3858481,13,123
81162,285.2317,235,0.82389159,7,42
79303,291.3165,224,0.76892315,10,62
79682,291.8955,354,1.2127628,8,81
77898,287.9292,272,0.94467668,21,161
80787,279.7949,203,0.72553145,20,51
79402,299.8733,244,0.81367698,30,135
79683,292.1519,316,1.0816291,7,87
81076,296.6058,250,0.84286956,18,159
77052,292.9475,357,1.2186484,20,177
81040,283.7906,268,0.94435827,5,45
76554,302.4713,718,2.3737789,7,191
78120,294.8685,274,0.92922777,2,64
81447,285.3922,395,1.3840603,2,69
80349,291.7763,150,0.51409247,19,114
76609,297.6062,452,1.5187856,20,223
78972,289.3268,296,1.0230646,5,62
76869,284.9584,366,1.284398,11,141
80936,293.1008,335,1.1429515,21,111
80303,298.8225,286,0.95708991,5,93
78799,287.53,306,1.0642368,5,43
77466,294.0925,190,0.64605524,22,113
76386,290.2915,289,0.99555102,41,107
79185,293.399,319,1.0872566,7,73
79730,293.6692,300,1.0215576,16,101
79418,293.4334,616,2.0992839,3,58
80667,294.4501,241,0.81847485,24,83
79261,295.7256,206,0.69659171,2,4
79155,290.3086,410,1.4122902,10,114
76915,303.3178,436,1.4374362,19,132
79269,302.7512,505,1.6680363,11,63
78860,298.2973,261,0.87496602,9,26
76966,305.5077,483,1.5809749,10,101
80887,289.1293,160,0.55338563,25,75
80613,295.7897,327,1.1055152,6,76
76928,306.9324,430,1.40096,13,91
77105,301.2632,350,1.1617748,25,196
78235,302.1922,268,0.8868528,23,210
81868,296.7793,164,0.55259919,15,70
78173,306.7676,283,0.92252246,11,63
79274,299.644,344,1.148029,10,60
76403,295.2696,767,2.597626,3,118
80287,301.0483,420,1.395125,11,118
77824,306.4848,277,0.90379686,13,76
79440,305.5915,737,2.4117163,3,57
81171,295.3948,296,1.0020488,19,101
81111,305.7864,286,0.93529339,5,59
78245,300.4154,211,0.7023608,25,209
81426,297.7566,381,1.2795686,13,97
81781,301.0026,284,0.94351344,8,78
79512,299.046,244,0.81592798,7,36
80627,299.6571,244,0.81426404,33,104
80162,297.3299,251,0.84418015,31,93
79494,303.5999,418,1.376812,13,87
79200,305.017,263,0.86224702,6,113
79306,304.8438,718,2.3553046,6,120
78916,296.7822,343,1.1557297,6,90
78542,313.8713,191,0.60852967,34,108
76880,299.2043,359,1.1998491,13,108
80643,302.2451,220,0.72788608,23,72
81103,305.909,206,0.67340287,13,40
78307,316.5728,312,0.9855553,14,158
80624,296.8534,341,1.1487152,11,71
79192,308.376,425,1.3781877,4,87
76613,323.4891,190,0.58734591,4,21
79275,305.9177,435,1.4219511,10,52
80717,297.5099,390,1.3108807,7,114
80994,302.6563,213,0.7037686,31,124
79224,303.1063,281,0.9270675,9,77
77348,316.3525,281,0.88824966,29,144
80640,311.3479,199,0.63915639,32,74
76195,302.3938,138,0.45635856,56,99
76415,310.6591,294,0.94637498,13,75
77811,301.5899,246,0.81567718,62,170
78856,308.2875,301,0.97636135,2,31
81449,312.5243,295,0.9439266,12,51
76826,313.1905,284,0.90679634,68,149
79323,313.1722,986,3.1484276,1,51
79808,300.2439,309,1.0291633,9,63
79892,310.2814,220,0.7090338,17,66
77610,321.4757,258,0.802549,13,35
81335,353.9833,316,0.89269748,18,44
81750,313.1714,312,0.99625956,30,131
78776,310.7453,383,1.2325207,7,68
79807,306.6568,261,0.85111434,19,93
81497,312.3384,269,0.86124537,9,57
78608,311.8981,319,1.0227699,14,100
77248,315.974,358,1.1330046,28,157
78773,333.2093,483,1.4495394,5,105
79786,312.3061,522,1.6714371,6,84
79918,318.9448,534,1.6742709,6,104
78956,312.8859,312,0.99716862,6,53
76185,313.3719,237,0.75628989,51,88
81626,318.6869,283,0.88801893,12,105
81520,316.8198,370,1.1678563,7,77
78553,319.4454,184,0.57599828,63,156
78328,323.5673,274,0.84680992,35,324
79480,325.6328,452,1.3880666,4,53
78826,317.7539,391,1.230512,10,56
79021,322.6688,372,1.1528849,31,133
81173,313.87,270,0.86022876,9,38
80965,314.4861,333,1.0588703,19,128
78701,314.9991,229,0.7269862,2,48
77109,333.8443,281,0.84170974,6,40
81824,316.7864,280,0.88387633,26,85
78912,313.4635,316,1.0080919,1,28
79129,316.1599,401,1.2683455,6,62
76827,319.2823,277,0.8675708,14,61
79346,320.4227,382,1.1921752,14,87
76898,328.198,395,1.2035418,0,18
78155,319.7485,393,1.229091,3,62
77596,321.8865,280,0.86987183,17,107
78806,330.913,349,1.0546579,3,24
79869,322.1384,274,0.85056609,12,99
79289,324.9627,286,0.88010101,11,72
76838,325.6691,244,0.74922675,31,77
78681,325.3712,227,0.6976647,35,92
78233,332.7052,338,1.0159144,26,129
78563,330.4996,188,0.56883579,29,85
78282,322.4201,246,0.76297973,26,263
78889,326.3984,219,0.67095917,5,50
78253,353.4476,290,0.82048937,29,296
78060,327.5327,405,1.2365178,10,141
79195,323.3731,412,1.2740701,8,99
77372,330.5567,192,0.58083833,36,82
78618,345.9479,230,0.66483999,11,64
79342,325.9469,495,1.5186523,1,33
79705,333.686,237,0.71024856,12,58
79847,318.4454,324,1.0174429,5,68
79317,325.4152,1064,3.269669,1,33
78100,327.7192,207,0.6316383,10,101
78335,325.4103,470,1.4443304,16,164
78832,321.6612,280,0.87048111,10,41
81536,329.0515,260,0.79014987,3,91
77391,319.4546,260,0.81388717,40,116
76926,342.8527,210,0.61250794,12,55
79854,324.9199,264,0.81250794,7,50
81538,322.311,204,0.63292907,10,40
76455,332.9982,363,1.090096,16,124
78238,338.2759,217,0.64148821,30,207
81650,317.0998,195,0.61494835,27,109
78917,324.7709,335,1.0314964,10,119
80241,326.2131,240,0.7357154,14,54
78613,328.9506,245,0.74479268,10,71
82180,327.8187,590,1.7997753,5,200
78682,333.2698,301,0.90317214,48,162
78876,340.597,391,1.1479843,5,41
78447,327.1312,203,0.62054613,53,90
80286,330.4061,246,0.74453831,18,93
78584,342.7619,366,1.0677966,22,163
79322,337.7199,1037,3.0705919,2,81
79239,342.8577,376,1.0966649,4,81
79887,336.0522,331,0.98496603,7,69
78537,338.7605,379,1.1187845,7,63
76828,326.6099,270,0.82667427,57,132
79831,331.5514,312,0.94103056,14,91
80823,336.8026,365,1.0837209,12,50
79337,337.374,459,1.3605079,1,64
77862,324.2475,221,0.68157812,38,118
79483,347.3619,448,1.2897212,9,82
77865,343.6291,242,0.70424769,38,206
78148,335.0953,290,0.86542545,18,89
80877,334.4406,320,0.95682163,19,99
78435,340.447,287,0.84300934,82,168
79833,341.0678,383,1.1229439,11,105
81445,333.9562,394,1.1797954,10,103
78359,334.7088,386,1.1532413,13,84
76556,331.7882,351,1.0579038,27,193
78273,342.3413,300,0.87631846,32,345
79147,336.1903,464,1.3801707,6,75
79168,337.617,325,0.96262925,9,71
79205,340.5992,304,0.89254467,13,61
81807,345.0459,288,0.83467156,12,62
78301,343.4748,250,0.72785544,29,325
81687,335.3228,372,1.1093788,8,75
78664,358.5666,222,0.61913184,41,119
79649,350.4451,656,1.8719052,6,52
80473,332.3023,404,1.2157605,6,108
79053,352.2523,244,0.69268533,50,114
78355,338.1396,228,0.67427772,10,113
76889,343.1134,527,1.5359353,0,24
79956,372.6708,494,1.3255667,10,100
77605,335.6097,297,0.88495654,52,122
81517,343.4599,365,1.062715,22,73
76466,339.7862,644,1.8953095,27,162
78260,347.0174,170,0.48988898,10,81
78269,344.6641,301,0.87331405,29,291
77588,346.261,308,0.88950243,88,212
80881,330.7379,200,0.60470844,39,97
79204,354.603,300,0.84601653,21,64
79226,339.8714,393,1.1563197,9,114
78687,336.3866,219,0.65103663,52,181
78236,344.251,233,0.67683173,24,248
79335,353.3214,638,1.8057214,16,111
78982,337.7223,444,1.3146896,3,77
81106,338.4491,261,0.7711647,22,134
80234,342.4775,716,2.0906483,14,150
80872,355.0971,285,0.80259737,7,41
76384,359.1637,350,0.97448601,49,124
77094,358.9901,828,2.3064703,13,286
76892,364.3666,672,1.8442964,1,161
78174,347.4307,376,1.0822302,15,81
79828,350.1044,324,0.92543824,23,131
80972,347.6835,314,0.90312022,9,53
79453,356.5609,470,1.3181479,4,73
76289,347.0436,409,1.1785263,53,205
80347,356.2341,175,0.49125,20,144
80652,340.465,245,0.71960407,12,63
79851,349.4773,404,1.1560121,17,110
79803,353.1065,375,1.0620025,14,135
81812,352.0984,348,0.98836007,6,58
78429,356.7512,323,0.90539289,40,109
78564,371.5484,363,0.9769925,29,188
79871,352.4001,329,0.93359792,9,69
81414,350.2884,273,0.77935781,34,119
76883,376.1037,336,0.89337063,20,93
79742,353.8162,441,1.2464099,11,128
80727,352.5076,330,0.93615003,12,59
78140,362.255,381,1.0517453,4,66
79779,390.5106,218,0.55824349,5,40
77085,378.7735,999,2.6374601,6,263
81169,357.1796,231,0.64673346,38,193
78056,357.5344,628,1.7564743,19,90
79484,356.8731,509,1.4262773,17,145
76349,352.7037,793,2.2483461,0,246
78651,351.7554,240,0.6822923,22,91
81116,344.3163,230,0.66799045,16,76
79878,356.222,378,1.061136,7,90
77765,355.5374,236,0.66378389,32,79
76383,352.5615,314,0.89062476,79,211
77251,360.6603,309,0.85676189,23,183
80654,351.1273,218,0.62085745,41,135
79161,360.3956,586,1.625991,2,62
78814,357.1496,454,1.271176,7,72
78804,367.756,345,0.93812202,10,47
80526,359.0769,192,0.5347044,34,84
79718,358.5258,458,1.2774534,9,127
82146,372.1685,307,0.82489518,128,333
76544,355.9714,347,0.97479741,29,185
79207,359.6223,492,1.368102,10,99
79966,357.9088,374,1.0449589,7,57
77378,356.2075,167,0.46882786,51,141
81424,364.0129,550,1.5109355,10,103
78172,360.69,405,1.1228479,5,97
80245,350.6646,275,0.78422515,14,111
81396,357.0391,236,0.66099203,29,115
80955,382.8674,234,0.61117766,42,118
76571,354.5771,519,1.4637155,9,182
80664,354.8652,318,0.89611492,3,62
76693,351.8418,253,0.71907317,70,243
77450,371.9678,433,1.1640793,26,199
77654,389.0942,253,0.65022815,70,154
76182,361.2851,301,0.83313704,73,117
81081,347.9123,236,0.67833187,17,104
80350,369.652,142,0.38414509,6,35
79802,387.3728,377,0.97322269,10,115
80707,354.0231,232,0.65532447,31,104
78094,358.1981,228,0.63651929,6,45
78266,366.7383,333,0.90800443,18,141
76189,357.972,291,0.81291274,59,129
81175,355.6945,281,0.79000378,21,134
77032,364.377,744,2.0418413,12,71
80250,355.2627,186,0.52355623,27,84
76836,362.3707,344,0.94930412,37,91
79521,362.7649,296,0.81595546,11,79
79536,364.9235,314,0.86045431,4,76
79565,372.5375,755,2.0266416,4,72
77686,379.5213,542,1.4281148,6,14
81138,367.0847,230,0.62655839,6,31
77579,357.8594,193,0.53931796,13,34
81819,365.6833,272,0.74381302,19,90
79939,365.1815,360,0.98581117,9,57
81688,364.4134,419,1.1497931,13,78
78132,365.1884,401,1.0980634,14,103
78852,359.1467,461,1.283598,8,69
78936,365.2461,267,0.73101397,1,25
80869,362.1323,326,0.90022348,23,103
79834,380.0014,342,0.89999668,19,73
79537,376.7896,453,1.2022625,5,51
78955,363.4958,262,0.72077862,6,50
80759,366.9291,289,0.7876181,29,132
81430,370.8184,298,0.80362787,16,66
77891,378.3941,183,0.48362276,13,25
78668,369.557,388,1.0499057,13,110
79045,375.9264,381,1.0134963,40,117
79796,378.828,397,1.047969,3,56
78126,384.3585,395,1.0276864,7,68
81158,373.9529,271,0.72469019,14,89
78259,371.3311,307,0.82675542,26,236
79175,374.9902,291,0.77602028,17,108
78057,379.3821,599,1.5788831,4,238
78846,373.104,498,1.3347485,4,64
78267,377.8711,209,0.55309866,18,175
78968,368.9697,302,0.81849539,10,60
78048,380.1067,267,0.70243434,24,89
77358,367.7958,381,1.0359009,67,205
77597,377.0835,302,0.80088362,58,131
80796,375.457,417,1.1106465,15,102
78808,378.2668,529,1.3984838,10,114
79558,382.6574,469,1.2256394,4,44
77682,380.994,333,0.87402951,114,305
79426,398.8214,430,1.0781768,5,67
79467,380.9692,640,1.6799258,8,45
79907,396.5396,293,0.73889216,23,115
79372,381.0964,286,0.75046629,9,104
81020,377.1928,350,0.92790743,1,22
79047,384.3273,499,1.2983725,29,145
81757,369.3147,308,0.83397709,24,157
78615,380.366,249,0.65463264,30,87
81153,380.3597,373,0.98065068,11,24
78848,372.2085,420,1.1283998,11,137
79222,372.4024,383,1.0284574,9,66
81488,381.0348,202,0.53013531,20,59
81496,364.1512,139,0.38170958,13,72
76894,371.0271,521,1.4042101,4,209
78693,374.7967,481,1.2833624,4,79
79026,373.6745,379,1.0142517,58,197
77598,378.3549,262,0.69247154,73,166
80221,376.2081,328,0.87185789,45,118
80493,386.9293,258,0.66678848,23,189
80677,383.8778,398,1.0367883,32,209
78884,377.5631,313,0.8290005,16,103
81045,382.8361,324,0.84631517,8,72
76199,382.9385,222,0.57972755,61,105
77301,391.8933,263,0.67110104,88,266
77751,386.2151,278,0.71980614,16,136
78807,381.486,359,0.94105681,10,75
81031,374.9376,243,0.64810785,47,167
78978,377.7577,316,0.83651505,18,125
77759,372.6683,323,0.8667225,24,121
80889,373.8231,145,0.387884,27,69
79366,386.1502,332,0.85976907,15,116
76567,385.3519,451,1.1703588,20,140
76565,396.6041,1045,2.6348694,9,355
80682,384.9268,353,0.91705748,9,68
79210,387.5929,244,0.6295265,8,63
76636,381.4364,242,0.63444391,23,80
77095,385.7785,629,1.6304693,15,322
80346,390.7072,184,0.4709409,12,90
81059,381.1369,422,1.1072137,15,161
81064,374.5017,236,0.6301707,19,103
78961,386.6196,290,0.7500913,14,75
80980,390.3226,341,0.87363632,12,129
80940,394.2364,290,0.73559925,17,59
80282,384.3952,376,0.97815998,54,179
76200,384.9701,290,0.75330526,74,125
78550,392.1965,375,0.95615336,74,311
78274,391.1173,463,1.1837881,14,166
80305,387.3546,303,0.782229,25,151
80706,386.2236,256,0.66282848,33,106
81402,390.3226,475,1.2169421,17,95
78594,391.5367,301,0.76876574,27,83
78887,393.9772,293,0.74369786,4,49
76470,398.8691,465,1.165796,32,193
76829,391.722,280,0.71479263,76,198
78141,396.5986,292,0.73626079,13,105
76183,395.0587,370,0.93656968,83,130
77661,394.148,234,0.59368562,63,127
79964,396.7113,375,0.94527179,6,98
81296,410.7411,297,0.72308323,27,84
76453,393.7018,690,1.7525955,18,193
81487,399.115,266,0.66647457,33,76
81779,393.6438,196,0.49791207,7,47
78652,385.6996,239,0.61965322,48,173
78451,399.3627,323,0.8087886,39,106
81390,406.7262,286,0.70317575,30,131
79974,409.2247,526,1.2853574,4,55
81428,389.6857,282,0.72366012,23,64
79359,393.6769,427,1.0846458,11,108
78815,399.4757,286,0.71593842,4,64
78835,391.0109,523,1.3375586,3,94
80738,373.8147,62,0.16585758,32,72
77755,393.2152,400,1.0172547,7,79
76694,401.4327,277,0.69002849,30,191
78139,400.2907,444,1.1091939,17,101
79912,397.8438,822,2.0661375,6,47
79302,389.3898,394,1.0118395,11,135
77774,387.8378,278,0.7167945,50,173
76624,415.2678,315,0.75854665,45,105
81334,400.9426,175,0.43647146,2,17
80718,393.5529,538,1.3670335,23,122
78058,409.6699,624,1.5231776,3,249
76405,394.5788,421,1.0669605,1,29
81298,401.0848,398,0.99230886,10,84
76872,416.1496,600,1.4417892,27,249
79524,400.9479,369,0.92031907,7,64
79300,399.628,358,0.89583312,10,71
80934,388.7035,367,0.94416438,15,225
79920,404.294,349,0.86323319,15,120
78270,403.0539,464,1.1512108,26,211
76849,401.734,309,0.76916567,16,115
78176,426.7886,458,1.0731308,11,102
76628,413.3933,266,0.64345503,37,190
76786,399.5454,340,0.85096712,12,157
78240,413.2026,337,0.81558054,14,152
79545,402.4777,1230,3.0560699,12,84
80190,400.1312,215,0.53732376,37,151
80219,395.7842,361,0.91211322,47,146
76399,405.7992,298,0.73435335,87,150
80841,406.8546,379,0.93153672,25,116
78646,410.7624,264,0.64270732,28,93
77846,401.5787,327,0.81428622,56,175
77088,423.5272,1329,3.1379331,13,309
78903,390.5023,258,0.66068753,7,92
81676,419.9914,262,0.6238223,33,97
79574,423.2692,865,2.0436167,5,55
80947,418.0981,222,0.53097586,43,79
78320,408.8636,244,0.59677604,21,168
78970,393.9135,282,0.71589321,10,83
80761,405.4257,315,0.77696111,31,111
78061,418.5982,1022,2.4414821,9,141
78882,408.6465,391,0.9568172,17,82
77758,403.1991,296,0.73412862,43,193
79351,405.5219,416,1.0258386,11,101
80212,405.536,318,0.7841474,37,154
76874,409.7194,475,1.15933,46,177
82187,412.5874,751,1.8202204,6,293
77594,414.5012,327,0.78890001,56,178
80668,404.2235,210,0.51951458,12,49
78966,412.6153,1012,2.4526478,2,160
78596,421.282,271,0.64327458,30,123
80306,401.0196,326,0.81292785,21,159
79433,407.9614,608,1.4903371,4,125
77582,408.4558,369,0.90340252,73,138
79040,424.0137,336,0.79242723,64,120
78089,412.7428,280,0.67838858,29,147
78953,405.217,389,0.95997947,8,62
79410,420.2088,611,1.454039,7,79
79960,420.7548,531,1.2620177,7,89
80822,405.5866,149,0.36736914,17,51
81305,408.7144,547,1.3383429,28,180
81061,396.174,242,0.61084271,24,107
78459,423.8523,467,1.1017989,34,189
76863,413.2475,838,2.0278405,2,288
79752,419.4362,783,1.8667917,4,64
81686,402.9183,478,1.1863447,20,115
79776,417.5663,634,1.5183218,6,133
79327,405.2266,864,2.1321404,8,74
79326,418.0841,984,2.3535935,8,133
78694,409.5772,423,1.0327723,1,103
78813,421.6131,480,1.1384845,36,189
81090,409.9325,305,0.74402493,25,133
77090,429.1451,639,1.4890069,33,226
78166,434.7557,619,1.4237881,13,101
81087,418.8736,218,0.5204434,11,83
78900,424.6763,369,0.86889709,15,110
76630,412.21,253,0.61376483,17,67
79286,412.3768,372,0.90208761,12,98
79492,433.9455,869,2.0025556,6,56
77244,427.2876,420,0.98294451,42,118
78146,409.8548,369,0.90031884,12,105
78133,423.0497,365,0.86278279,16,98
76832,421.0118,395,0.93821598,59,106
81351,405.6108,211,0.52020311,3,10
79086,438.4957,310,0.70696246,23,96
80792,408.5397,378,0.92524668,41,178
77148,428.4478,386,0.90092655,231,433
77897,422.1477,350,0.8290937,25,243
80214,421.2693,230,0.54596905,41,132
78654,409.254,321,0.78435397,56,183
77903,409.9185,157,0.38300296,5,17
79915,423.9512,332,0.783109,1,34
78685,418.5699,417,0.99624937,90,328
79077,433.0692,291,0.67194804,38,154
78810,421.5611,546,1.2951859,27,164
80993,415.0907,328,0.79018875,29,167
78051,417.4346,131,0.31382161,24,91
81033,417.6284,348,0.83327666,26,109
77300,430.3186,391,0.90862909,156,437
78923,412.7517,454,1.0999349,1,76
82164,443.1688,185,0.41744816,0,3
77578,422.4995,316,0.74792988,79,169
80829,437.013,352,0.80546803,36,188
77338,467.0575,294,0.62947282,67,186
80721,420.1478,546,1.2995427,32,144
79388,426.7917,395,0.92551003,17,114
78448,431.5015,302,0.69988169,65,129
79349,424.1271,422,0.99498476,15,117
81416,419.1807,161,0.38408257,17,90
78643,448.5072,363,0.80935156,37,173
80690,421.0425,584,1.3870334,21,106
82176,426.9999,725,1.6978927,13,283
76564,444.5913,1256,2.8250665,7,478
77135,432.3938,431,0.99677655,52,283
80938,426.6746,410,0.96091963,35,108
81172,443.885,382,0.86058326,102,306
79255,461.2955,455,0.98635257,16,168
80044,429.0065,437,1.0186326,13,215
78111,413.3091,415,1.0040911,3,82
79149,423.4006,542,1.2801116,10,104
78891,437.5124,634,1.4491018,5,51
77768,443.2214,290,0.65430054,63,241
79928,425.6508,380,0.89275058,4,63
77710,442.2774,396,0.89536567,213,410
81809,452.1861,356,0.78728647,19,163
81563,429.4696,115,0.26777215,7,22
81662,436.0431,844,1.9355885,1,82
81673,426.2977,257,0.60286509,13,66
81674,429.4619,455,1.0594653,19,110
78969,426.2852,333,0.78116716,8,76
77770,418.5506,484,1.1563715,39,176
81771,428.749,309,0.72070139,1,50
78838,434.8053,483,1.110842,6,144
78836,430.4823,355,0.82465644,20,120
76553,450.8744,1276,2.8300564,9,457
79569,435.5416,556,1.2765715,36,153
77128,435.1818,427,0.98119912,44,177
81439,435.6999,308,0.70690859,19,103
79768,434.0759,487,1.1219236,13,141
76774,432.9048,323,0.74612247,55,217
78541,455.6652,241,0.52889709,51,136
76186,422.0907,332,0.7865608,57,103
78230,435.0233,363,0.83443806,20,272
76899,442.9781,661,1.4921731,1,100
80939,456.1943,381,0.83517045,33,90
80166,422.75,309,0.73092844,48,153
81035,429.8522,324,0.75374745,29,129
77157,481.1471,342,0.71080133,61,219
76861,438.5931,803,1.8308542,1,137
81166,442.9913,485,1.0948296,10,52
77660,445.4624,577,1.2952833,3,79
79544,437.8598,483,1.1030928,6,75
79687,458.795,464,1.0113449,9,56
78778,440.7379,601,1.3636222,35,186
79533,480.6133,570,1.1859847,8,38
78419,443.7824,510,1.1492119,35,193
80946,449.1512,556,1.2378905,24,149
77063,448.1262,1041,2.3230063,20,471
81530,446.8757,129,0.28867088,8,18
79216,435.5293,353,0.81050804,28,123
78924,449.5621,358,0.79633047,1,85
79221,442.9053,377,0.85119776,18,153
76411,445.8629,692,1.5520466,15,154
80695,427.592,370,0.86531086,5,128
80971,442.7447,364,0.82214423,93,346
77295,440.9926,392,0.8889038,136,404
79309,435.6693,541,1.2417676,10,54
81176,448.3896,410,0.91438338,22,241
80966,444.8745,298,0.66985183,34,163
77586,443.7249,264,0.59496323,30,63
80345,452.0127,332,0.73449264,30,418
80728,463.123,239,0.51606161,44,111
77110,444.7072,745,1.6752596,10,302
77943,449.149,449,0.99966826,39,276
78827,451.5263,367,0.81279872,4,43
78918,440.4311,608,1.3804656,13,140
79409,461.5471,693,1.5014719,10,82
77059,466.1223,543,1.1649303,12,112
78452,445.6673,209,0.46895969,39,107
79462,457.397,578,1.2636725,13,115
79219,450.0383,391,0.86881494,13,123
79695,458.4589,499,1.0884291,14,126
80302,449.4668,455,1.0123106,8,139
77394,456.7817,325,0.71149961,42,151
79943,461.3554,356,0.77163939,4,69
79385,448.3435,408,0.91001654,15,132
78935,449.6377,368,0.81843671,17,136
79208,451.4031,470,1.041198,13,147
79835,452.3607,417,0.92183074,14,100
81170,450.3069,562,1.2480377,10,55
81573,459.3464,321,0.69881902,12,77
77303,458.2113,300,0.65471978,43,213
80269,449.8929,262,0.58236082,47,247
78237,458.8351,268,0.58408783,21,187
79064,487.6528,522,1.0704337,27,153
80626,477.4945,468,0.980116,16,130
78250,464.2849,376,0.80984757,29,116
80339,457.9114,347,0.75778852,22,250
80323,463.329,346,0.74676957,28,303
78175,459.3577,598,1.3018177,17,120
79084,455.6349,401,0.88009062,84,329
78666,459.4548,311,0.67688922,53,203
77652,469.0913,407,0.86763494,130,383
77705,469.232,404,0.86098135,168,398
76555,455.9454,424,0.92993591,34,287
80675,457.3281,295,0.64505111,33,208
80322,456.3366,715,1.5668259,8,127
79744,464.943,373,0.80224888,7,86
77858,448.4964,474,1.0568647,24,149
77107,490.2565,910,1.8561712,11,199
80237,470.882,387,0.82186195,30,329
81796,460.0254,472,1.0260303,27,146
79215,463.741,437,0.94233635,11,148
79051,459.0747,373,0.81250393,148,416
80838,472.873,421,0.89030247,14,75
77392,470.2943,357,0.75909914,58,213
80196,470.8702,351,0.74542836,54,170
79924,453.1092,300,0.66209205,5,58
79959,470.7264,463,0.98358622,11,72
79491,468.8628,685,1.4609818,11,110
78558,488.4696,329,0.67353219,67,180
78641,499.5166,362,0.72470064,39,105
78803,459.6999,599,1.303024,4,84
77869,460.3356,236,0.51266945,64,226
76900,469.8383,947,2.0155871,3,196
80711,471.275,332,0.70447191,33,178
79080,490.4096,578,1.1786066,32,160
78131,490.9068,463,0.94315255,9,62
80851,463.0767,120,0.25913634,10,22
79368,468.5565,401,0.85581995,7,95
79823,467.7481,468,1.0005385,20,123
81300,479.0713,459,0.95810373,17,109
78110,463.0432,458,0.98910858,14,92
79527,472.8621,1457,3.0812366,14,138
76632,469.8481,340,0.72363813,37,119
80739,482.9945,355,0.73499802,30,183
76896,487.8237,913,1.8715778,2,140
78059,481.9277,771,1.599825,9,293
77932,471.8747,363,0.76927201,44,171
81315,485.3878,359,0.7396148,32,159
81291,474.4688,514,1.0833168,28,114
81037,463.1258,455,0.98245444,17,138
79367,473.6917,473,0.99853977,32,295
81420,477.426,402,0.84201531,61,178
77304,476.5614,280,0.58754234,10,50
80805,484.3867,471,0.97236361,9,102
76897,471.2417,615,1.3050628,7,239
79344,476.8047,1143,2.3972079,10,156
80611,471.7145,419,0.88824914,27,182
82160,478.0246,219,0.45813542,33,80
76783,473.4513,421,0.889215,36,225
76654,505.55,256,0.50637919,5,44
82182,495.8368,729,1.4702418,15,250
76846,478.6011,326,0.6811518,28,117
82212,482.663,416,0.861885,116,409
78353,500.3372,536,1.0712775,6,60
78130,485.9915,509,1.0473434,13,71
82192,527.6851,416,0.78834896,154,420
77371,498.2401,287,0.5760275,56,195
78163,486.5717,516,1.0604809,11,107
78339,484.0085,429,0.88634807,8,44
80647,501.4293,366,0.72991347,41,177
79049,488.4664,957,1.9591931,21,565
78785,482.7498,399,0.8265151,21,157
77082,473.0753,833,1.760819,16,283
76402,492.6695,568,1.1529027,25,230
76893,475.874,394,0.82795026,26,218
77709,480.3261,425,0.88481555,170,438
79546,497.3388,1267,2.5475591,5,85
79587,487.8847,484,0.99203767,4,28
78919,477.325,322,0.67459278,8,76
80628,483.7363,321,0.66358468,20,172
76787,475.5115,285,0.59935459,18,88
80773,493.7354,478,0.96812989,6,61
77137,480.7844,505,1.0503669,77,376
78796,492.3362,453,0.92010297,24,131
77138,487.7336,502,1.0292504,71,249
81675,484.9125,305,0.62897946,29,71
78065,493.8751,992,2.008605,4,112
80777,492.4541,353,0.71681808,35,130
77941,504.4894,636,1.2606806,72,451
81097,513.526,465,0.9055043,21,109
82267,534.6192,446,0.83423865,32,143
77870,469.6465,217,0.46204965,39,113
81596,472.0907,802,1.6988261,17,214
79822,495.1576,400,0.80782361,18,98
79562,488.4361,630,1.289831,24,159
80191,484.7634,334,0.68899591,62,326
78604,482.6125,443,0.91792069,21,112
78962,475.2027,415,0.87331154,19,136
76657,497.4592,315,0.63321776,66,177
80768,487.1958,371,0.76150082,71,290
78063,515.4229,1851,3.5912258,7,224
76542,498.2811,407,0.81680802,52,217
80180,496.4806,1037,2.088702,4,92
77773,488.9121,286,0.58497223,65,194
81311,515.1411,355,0.68913158,52,107
80987,485.316,342,0.7046955,68,313
76188,490.4075,414,0.8441959,112,227
76675,487.0796,338,0.69393175,38,262
78583,504.7156,649,1.2858727,81,476
76859,504.6473,984,1.9498767,3,205
76409,495.3746,371,0.74892818,36,128
80672,499.898,265,0.53010814,84,211
80812,510.4044,518,1.0148815,5,39
81528,506.4659,407,0.8036079,18,77
76607,506.7529,573,1.1307286,17,372
81117,490.2118,264,0.53854273,47,169
79855,497.6327,550,1.1052328,17,245
81322,519.8062,334,0.64254716,48,92
76773,491.1005,398,0.81042475,15,198
77125,502.2578,492,0.97957662,58,230
76698,496.9975,340,0.68410807,70,318
78617,493.858,307,0.62163618,48,196
78817,505.4404,674,1.3334906,49,230
77154,510.2092,573,1.1230687,176,552
79237,504.0136,582,1.1547307,8,124
77827,493.199,303,0.61435648,38,178
79072,514.2927,319,0.62026935,41,104
79530,503.6475,602,1.1952804,6,83
77820,497.6508,312,0.62694564,37,201
80308,505.5695,272,0.53800714,5,123
77830,499.8941,321,0.642136,36,79
77697,511.0144,257,0.50292125,73,176
77044,514.7399,630,1.2239191,16,128
79770,506.4759,543,1.0721142,25,134
79970,509.815,639,1.2533958,14,276
78864,504.6854,388,0.76879577,13,112
81028,510.0155,276,0.54116002,59,192
79460,511.4569,1029,2.0118997,9,60
78547,516.3831,410,0.79398416,167,442
81361,495.9078,461,0.92960829,38,161
80854,500.4837,462,0.92310699,26,112
80584,512.3534,401,0.7826629,49,182
81404,512.2684,142,0.27719844,11,32
79252,522.0141,585,1.1206594,9,156
81631,528.2985,625,1.1830433,31,111
80263,515.5474,417,0.808849,31,177
77247,512.1364,525,1.0251175,76,393
81075,524.2687,333,0.63517048,33,158
78585,526.2355,1030,1.9572986,25,380
80762,514.3634,369,0.71739163,39,146
80268,514.047,299,0.58165888,57,233
81425,514.8946,893,1.7343355,9,100
79946,510.5193,846,1.6571362,6,96
79819,518.1266,627,1.210129,19,145
78298,526.2832,432,0.82085083,27,169
79543,519.9382,701,1.3482372,14,114
80834,516.5684,554,1.072462,23,162
82175,534.0133,798,1.4943448,7,350
77093,519.8229,1303,2.5066229,17,581
80669,518.4199,341,0.65776796,34,135
77913,516.9053,549,1.0620901,31,271
76866,511.6694,721,1.409113,10,301
79288,511.8456,471,0.92019937,17,146
80807,536.6219,144,0.26834537,16,24
81083,520.8331,349,0.6700803,34,134
79858,525.7088,448,0.85218281,13,102
81443,524.3917,297,0.56637052,37,85
79382,521.0469,455,0.87324193,12,129
79880,521.3991,654,1.2543175,5,143
77662,543.1939,339,0.62408654,84,210
80862,520.855,887,1.7029692,11,65
80479,530.6348,977,1.841191,12,163
79866,522.706,671,1.2837044,12,141
79540,528.562,1026,1.9411157,16,107
79923,542.1969,507,0.93508465,14,101
77231,527.9174,489,0.92628127,56,236
82178,533.3399,1080,2.0249751,11,492
80340,535.871,396,0.73898382,27,78
81030,531.5786,539,1.0139611,17,148
76562,539.3813,913,1.6926801,46,1515
80311,547.4889,460,0.84019968,24,132
78343,523.0601,324,0.61943169,51,223
78805,541.3569,483,0.89220254,20,135
78434,552.6071,386,0.69850713,81,164
77353,535.1607,340,0.63532318,53,220
77792,530.8768,417,0.78549298,56,182
79371,540.5319,1490,2.7565441,3,163
80246,533.5897,627,1.1750602,23,153
77457,530.8018,436,0.82139887,5,120
77672,532.323,478,0.89795106,173,468
78171,543.1848,563,1.0364797,6,84
79400,539.4346,482,0.89352815,22,162
80537,541.5317,330,0.60938261,26,112
79374,531.9629,514,0.9662328,7,138
81023,525.5473,426,0.81058356,20,109
80800,524.7531,523,0.99665919,37,125
78576,549.7962,645,1.173162,40,219
78850,534.6383,399,0.74629895,2,38
79813,528.2688,768,1.4538053,16,98
77349,536.7057,338,0.62976786,40,144
79738,539.257,521,0.96614416,16,152
81148,543.4786,205,0.37719976,17,39
82194,547.0158,445,0.81350484,179,476
79417,535.0052,656,1.2261563,13,80
78598,542.1759,338,0.62341391,35,158
80850,545.766,334,0.61198389,42,153
81413,535.9315,468,0.87324593,22,162
77448,540.6935,568,1.0505027,30,172
77665,549.4803,440,0.80075664,226,562
77599,556.5618,392,0.7043243,94,220
80248,535.7446,620,1.1572678,25,191
77144,546.0781,465,0.85152655,190,551
80341,548.4739,456,0.83139781,16,191
78624,600.5933,407,0.67766324,47,175
81565,551.4579,255,0.46241064,15,52
76196,551.9196,496,0.89868162,138,278
79201,542.5046,730,1.3456107,27,229
77595,560.061,428,0.76420247,86,224
78602,537.797,446,0.8293092,25,180
80597,554.5226,400,0.7213412,46,164
77855,557.2455,328,0.58860951,65,254
77631,545.1887,387,0.70984597,137,373
79468,560.5788,1049,1.8712802,3,49
76666,540.5453,426,0.78809306,68,240
77366,527.241,526,0.99764624,22,168
79461,565.2892,1003,1.774313,11,91
80876,546.0915,474,0.86798641,38,161
79357,552.0851,515,0.9328272,14,118
77471,542.4134,361,0.66554403,41,150
78579,556.9092,909,1.632223,34,512
79886,547.684,613,1.1192586,10,134
78628,548.8128,542,0.9875863,50,217
79452,555.3705,849,1.5287092,24,303
77934,574.9491,390,0.67832092,1,6
77150,557.0755,428,0.76829801,177,472
78698,558.5123,835,1.4950432,3,112
81027,572.1617,511,0.89310417,36,76
79505,548.8601,938,1.7089965,21,126
78548,594.4005,404,0.67967641,52,192
79529,566.2546,1086,1.9178652,7,74
77305,564.348,499,0.8842062,175,507
77153,561.4261,633,1.1274859,66,435
79853,563.438,529,0.93887881,20,166
80883,544.1679,381,0.70015155,32,191
79320,551.526,767,1.3906869,13,115
79209,555.1785,654,1.1779995,23,177
77384,553.2126,463,0.8369296,51,181
78341,546.8915,350,0.63998069,32,173
81874,551.9533,638,1.1558949,18,167
77336,561.7007,415,0.73882764,62,224
79810,547.4566,613,1.1197235,14,117
80699,550.5927,363,0.65928953,59,193
76950,575.6708,725,1.2594003,21,165
80608,564.2496,593,1.0509533,57,294
77658,580.3685,554,0.95456594,170,497
77782,570.9442,573,1.0036007,55,184
81618,574.4155,561,0.97664495,10,104
78983,557.0543,544,0.97656548,23,252
79046,581.2458,451,0.77591959,50,157
77767,562.2734,467,0.83055681,74,348
81681,560.9106,400,0.71312612,36,209
79273,581.5393,607,1.0437816,4,69
80868,577.2785,362,0.62708034,39,256
79443,582.0713,779,1.338324,7,98
77463,567.5164,521,0.91803514,9,119
77292,565.4193,518,0.91613427,220,607
78655,559.332,378,0.67580614,86,411
79825,574.194,573,0.99792056,17,101
80600,561.4663,391,0.69639086,47,231
81499,565.7356,338,0.59745224,43,177
76191,593.3174,518,0.87305715,59,218
79304,576.21,529,0.91806807,17,159
78901,556.7912,519,0.9321268,26,154
76929,574.151,827,1.4403876,24,170
78663,577.6369,431,0.74614347,42,245
77664,612.0256,702,1.1470108,39,211
79447,583.6211,340,0.58256975,5,81
76661,574.2342,478,0.83241298,40,135
80847,567.973,315,0.55460383,44,213
79268,576.3811,932,1.6169857,24,190
78847,577.868,655,1.1334768,21,140
80620,571.2622,400,0.70020386,39,183
77829,574.4688,483,0.84077673,8,104
77386,579.7477,317,0.54678958,55,185
79233,581.8071,856,1.471278,4,59
79930,581.4714,926,1.5925117,14,89
80852,573.3485,193,0.336619,14,82
76655,572.8592,319,0.55685586,87,306
79949,576.3347,564,0.97859803,5,65
77329,583.1824,333,0.57100489,65,117
78677,565.6905,410,0.72477795,36,110
79893,607.4453,572,0.94164857,18,130
77886,584.2671,350,0.59904109,119,271
81799,588.0318,731,1.24313,22,253
78556,610.5482,545,0.89264042,291,644
79951,584.1755,344,0.58886413,37,111
81763,585.1175,499,0.85282016,21,150
78672,583.9931,534,0.91439437,40,165
80321,583.2583,478,0.81953399,13,179
78151,604.9658,762,1.2595753,32,212
77893,598.8099,568,0.94854811,50,267
81666,579.3405,581,1.0028645,34,238
77842,578.1139,562,0.97212677,61,212
79470,595.2826,1043,1.752109,11,95
79844,583.0929,578,0.99126571,22,216
80716,581.9199,331,0.56880681,28,142
78657,588.2617,371,0.63067169,50,223
77857,586.1936,517,0.88196118,9,124
80465,586.1403,397,0.67731224,9,107
78158,604.6948,603,0.99719726,26,162
77296,601.1726,525,0.87329329,203,569
80194,590.9137,365,0.61768749,43,248
76860,591.1763,729,1.2331347,1,69
76611,645.1942,311,0.48202541,60,115
81793,612.3133,359,0.58630116,17,109
77096,601.8144,681,1.1315781,14,206
77818,592.9627,400,0.67457869,33,117
77331,592.9998,396,0.66779112,44,190
76552,599.9336,1549,2.5819524,13,728
79347,594.5967,1080,1.8163572,10,123
79500,613.618,1027,1.6736797,13,221
78896,581.1693,547,0.94120594,13,165
77852,616.8701,390,0.63222387,82,249
79170,601.6292,641,1.0654403,41,421
76677,627.5732,614,0.97837193,34,165
78123,614.0148,558,0.90877288,19,132
78091,611.7108,722,1.1802963,6,54
77756,605.7827,442,0.72963457,72,332
78947,600.3011,661,1.1011141,16,201
79515,610.451,460,0.75354123,31,169
78973,605.9328,740,1.2212575,11,149
76830,607.4451,562,0.92518649,17,207
81855,607.0156,715,1.1778939,20,214
76673,615.1937,436,0.70871987,48,101
78837,604.2301,588,0.97313921,28,146
77692,607.9873,541,0.88982122,243,660
78872,601.3999,618,1.0276024,30,299
78047,610.4189,390,0.63890551,39,204
77019,606.2745,464,0.7653299,17,157
77625,603.3766,495,0.82038316,235,618
77459,613.6423,1185,1.9310924,9,163
76620,602.8647,398,0.6601813,64,308
78634,608.0738,394,0.64794767,77,287
78910,600.1397,707,1.178059,19,233
80319,603.6881,425,0.70400593,12,177
78696,629.3394,747,1.1869589,7,144
78092,610.9547,513,0.83966946,7,72
77630,666.311,311,0.46674901,95,181
80793,610.8289,412,0.6744933,48,240
77628,635.0434,570,0.89757645,193,615
81353,611.3332,288,0.47110152,7,20
79475,624.3028,738,1.1821187,7,137
77688,619.7422,539,0.86971647,173,556
79083,624.9183,689,1.1025441,89,476
81065,618.3991,421,0.68079012,56,228
78981,627.2964,766,1.2211133,18,110
78858,613.7412,727,1.1845384,29,150
79069,663.9968,619,0.93223341,51,170
79436,624.5832,774,1.2392264,6,120
78908,622.1079,535,0.85997943,30,230
81597,616.9453,467,0.75695528,31,148
77332,628.7778,408,0.64887787,59,193
81770,630.7474,796,1.2619949,23,225
82197,645.2333,454,0.70362147,111,296
76784,626.2498,496,0.79201622,71,367
77364,631.8523,334,0.52860455,43,136
78909,621.7144,859,1.3816633,4,115
77399,630.4449,432,0.68523038,39,258
80983,644.1559,480,0.74516123,32,379
78841,632.739,641,1.0130559,42,202
77753,638.2239,446,0.69881432,57,269
80292,644.7578,668,1.036048,14,148
80569,620.2059,347,0.55949161,93,314
81145,660.2627,674,1.0208058,22,211
76956,643.4773,1005,1.5618267,33,386
80173,618.1683,359,0.58074799,56,248
80700,635.122,486,0.76520731,35,273
80215,650.7261,447,0.68692496,35,213
80331,643.0703,820,1.2751327,17,216
77657,649.5177,388,0.59736632,86,234
81429,642.6722,783,1.2183505,33,122
77849,641.2639,427,0.66587251,62,201
78948,628.276,415,0.66053773,65,198
78637,639.231,315,0.49277961,8,69
77810,641.1331,766,1.1947597,21,167
79877,635.0304,645,1.0156994,15,83
77249,641.6325,737,1.1486326,42,338
77158,636.2689,532,0.83612448,235,595
77377,668.2928,431,0.64492689,63,218
77819,627.7148,478,0.76149232,46,205
79227,674.6854,716,1.0612354,28,216
79457,647.0661,1103,1.7046172,10,166
79189,656.6825,633,0.96393615,15,115
80338,642.8013,506,0.78717949,26,328
79488,646.351,521,0.80606358,15,128
77744,632.454,470,0.74313705,70,250
81783,647.1226,444,0.68611419,25,119
79058,669.892,757,1.1300329,50,217
79932,633.2324,683,1.0785929,24,234
78649,646.7765,423,0.65401263,49,194
79157,650.1678,982,1.5103793,13,116
82173,686.4305,1474,2.1473405,13,488
76410,651.0038,949,1.4577488,44,254
77618,654.752,547,0.83543082,235,614
80299,647.3367,596,0.92069552,7,147
81167,640.2813,378,0.59036552,23,168
78453,669.1683,434,0.64856629,44,115
81433,645.1419,946,1.4663441,27,294
79469,663.2419,1613,2.4319935,10,168
79501,657.1129,621,0.94504308,15,123
77355,642.759,369,0.57408764,53,331
81672,669.6079,540,0.8064421,8,25
79305,656.5451,584,0.88950477,18,227
78557,650.7612,595,0.91431388,88,410
80593,648.4281,583,0.89909737,50,256
77940,655.0188,731,1.1159985,76,320
81168,646.5813,451,0.69751476,37,223
80568,650.7589,615,0.94505046,10,221
81840,649.5862,397,0.6111583,24,202
78350,647.4609,432,0.66722176,55,271
80203,641.2783,600,0.93563122,41,276
76412,642.3376,725,1.12869,20,149
78157,660.9536,974,1.4736284,20,188
81032,648.6746,460,0.7091383,46,205
79724,653.7639,820,1.2542754,43,256
79896,670.3111,539,0.80410424,23,176
80753,655.4399,553,0.84370817,46,173
79517,647.9315,519,0.8010106,14,132
80737,671.3378,421,0.62710606,40,260
78940,685.7364,482,0.702894,10,103
79528,680.1191,679,0.99835455,11,177
78833,669.0878,606,0.90571073,21,201
79066,660.9007,603,0.91239123,262,727
79712,663.9064,699,1.0528593,59,323
80636,656.524,591,0.90019558,34,267
78347,664.6877,494,0.74320617,12,138
80741,634.1482,194,0.30592218,40,133
78415,660.0386,448,0.67874818,27,215
78106,663.6864,678,1.0215668,17,315
78597,667.5421,499,0.7475184,40,276
79572,704.5862,1424,2.0210444,10,95
77757,669.416,438,0.65430166,46,263
78631,669.3289,494,0.7380527,22,151
81569,682.2158,240,0.35179484,38,133
80209,665.6246,522,0.78422582,59,360
78443,677.023,1097,1.620329,23,255
77084,677.2537,1307,1.9298529,15,403
76194,669.8827,319,0.47620277,45,69
80533,700.5191,249,0.35545069,23,83
77240,676.6385,603,0.8911701,62,314
79074,696.8776,384,0.55102933,69,186
81524,695.5689,1023,1.4707386,16,136
77887,712.6464,664,0.93173838,67,360
79518,685.2794,664,0.96894785,13,192
76531,707.0266,947,1.3394121,33,653
77634,738.6057,521,0.70538313,186,557
76621,692.5924,444,0.6410697,43,189
80181,673.5598,397,0.58940572,56,286
78971,679.3955,689,1.0141368,20,234
79067,716.1742,394,0.55014548,76,204
80223,683.7242,600,0.87754682,67,277
81410,666.8615,473,0.70929271,16,107
77452,695.9005,497,0.71418256,52,227
76269,682.5688,1030,1.5090054,4,137
79879,689.5659,842,1.2210581,15,139
80599,692.4382,574,0.82895484,51,243
80648,659.001,347,0.52655459,16,129
77146,715.0434,454,0.6349265,41,133
79734,711.3427,681,0.95734447,22,137
77261,694.621,705,1.014942,6,159
77640,715.3981,580,0.81073741,249,686
81615,671.1938,380,0.56615541,10,44
79579,701.7669,2087,2.973922,11,163
80242,692.0566,403,0.58232231,60,326
78540,737.7057,810,1.0979988,56,292
78870,716.3067,757,1.0568099,12,95
78144,690.2989,684,0.99087511,15,168
77641,700.3014,430,0.61402133,177,394
80749,691.9625,562,0.81218274,36,263
78354,685.3347,560,0.81711899,46,262
76679,695.8264,387,0.55617321,82,252
78911,699.897,460,0.65723957,54,131
77928,696.8117,797,1.143781,67,487
81044,688.6453,871,1.2648021,35,216
79945,696.3415,610,0.87600696,15,158
78112,698.5327,588,0.84176446,25,207
78046,699.2103,499,0.71366226,46,294
79955,694.9483,631,0.90798121,34,197
78053,716.3097,1028,1.4351334,26,502
80801,696.6322,521,0.74788389,81,335
77058,702.8993,1237,1.7598538,48,322
76623,725.1893,498,0.68671725,123,207
78552,709.7322,505,0.71153598,229,626
76690,704.2447,397,0.56372451,64,149
76834,710.109,1223,1.7222708,25,251
81385,698.6165,515,0.73717125,31,131
79799,693.0305,398,0.5742893,54,289
77464,704.065,535,0.75987302,53,230
77580,711.5823,481,0.67595835,57,140
81682,707.6208,449,0.63452064,41,204
77935,699.5783,468,0.66897444,19,122
77435,713.5608,448,0.62783718,58,229
81174,694.616,741,1.0667765,42,243
79343,705.3006,1487,2.1083209,18,201
77057,726.6805,1148,1.5797864,36,246
79214,707.8372,792,1.1189014,44,493
77803,694.0301,382,0.5504084,76,317
76876,730.1787,542,0.74228405,20,195
80316,714.722,884,1.2368445,8,110
81785,716.2502,605,0.8446769,31,146
77863,695.6346,584,0.83952121,41,228
81007,727.9622,461,0.63327464,57,296
76201,716.6689,1025,1.4302281,128,319
80708,706.927,466,0.65919112,60,219
78904,699.9033,796,1.1373,18,141
81637,718.5959,538,0.74868226,65,157
77103,715.5658,1368,1.9117739,22,431
80227,714.9745,519,0.72590001,35,209
78050,705.244,318,0.45090777,49,195
81372,718.1273,537,0.74777828,51,264
78897,709.6163,789,1.1118685,10,133
80760,719.8949,400,0.55563666,88,306
79816,714.0398,746,1.0447597,39,350
77054,719.402,1112,1.5457283,56,312
77298,717.7227,230,0.32045803,28,170
80844,700.6815,467,0.66649398,52,226
81104,728.8402,624,0.85615475,23,327
76631,719.9555,424,0.58892529,89,297
80973,723.2763,805,1.112991,30,264
80294,741.6512,463,0.62428268,42,238
77667,714.5659,282,0.3946452,84,167
78227,719.9702,815,1.1319913,34,233
80304,740.1229,570,0.77014236,35,173
80630,725.7388,908,1.2511388,4,226
77056,727.7444,1095,1.5046492,33,227
77342,717.7728,487,0.67848768,74,320
81411,725.8479,1128,1.5540446,19,191
77083,726.8611,1269,1.7458631,62,383
80271,719.2262,517,0.7188281,51,203
79584,747.5845,1404,1.8780486,58,667
76681,733.281,458,0.62459003,70,238
76457,746.5574,1802,2.4137461,7,298
76497,740.7162,937,1.2649919,90,573
81817,735.8422,1046,1.4215004,19,194
80991,717.1891,729,1.0164683,37,216
77341,730.805,428,0.58565554,80,216
80696,732.1697,430,0.58729554,50,198
80816,716.3042,385,0.53748114,52,250
81851,734.1542,989,1.3471284,26,334
80337,742.1645,699,0.94183971,25,335
81582,731.7464,674,0.92108414,87,306
78045,738.1959,334,0.45245442,56,251
80575,719.6297,789,1.0963972,33,221
80698,722.2701,531,0.73518203,47,291
78621,745.854,599,0.80310624,43,242
77668,736.6116,571,0.77517107,219,628
78310,726.7061,685,0.9426094,37,234
77933,736.6678,1102,1.4959253,39,253
80601,727.9247,409,0.5618713,61,284
76414,730.5535,773,1.0581018,19,178
78886,738.7594,635,0.85954913,49,249
77775,748.6595,747,0.99778337,70,348
77437,769.898,457,0.59358512,38,148
78345,743.6645,700,0.94128468,5,190
77815,737.8897,475,0.64372765,98,284
76670,727.6534,378,0.51947809,80,280
76664,731.6002,494,0.67523218,73,329
78853,739.9587,550,0.74328473,58,324
76871,727.2589,916,1.2595239,45,253
80701,739.416,455,0.61535049,42,238
78124,736.8666,520,0.70569083,17,148
81408,748.0271,684,0.91440537,60,386
78049,751.9462,393,0.52264377,56,298
81057,747.8158,505,0.67529999,53,254
81407,770.7732,373,0.48392964,71,151
79377,739.6378,716,0.96804138,19,221
81350,754.385,647,0.85765226,19,163
78926,747.0298,637,0.85271029,32,214
78957,737.2266,779,1.0566629,25,305
78695,732.1106,556,0.75944809,17,113
78107,750.2729,694,0.92499676,15,164
77636,765.9936,381,0.49739319,94,198
79936,751.56191,863,1.1482753,20,149
79363,745.38185,826,1.1081568,11,158
80585,743.85118,589,0.79182505,67,294
77896,756.631,1234,1.6309139,18,492
77766,767.15032,576,0.75083068,20,155
76938,776.45107,973,1.2531376,20,181
79976,771.82377,1052,1.3630054,21,229
79242,758.2628,515,0.67918405,27,119
80986,757.69947,778,1.0267923,37,212
78619,758.46117,705,0.92951364,29,216
78880,757.45117,603,0.79609092,31,225
80579,740.77884,421,0.56832077,57,225
77670,770.49312,825,1.0707429,51,202
81086,768.82099,578,0.75180049,26,251
77643,778.89276,626,0.80370499,194,591
77373,762.90347,590,0.77336127,90,369
79062,783.66068,512,0.653344,81,259
80998,779.06822,1102,1.4145103,11,103
77754,773.43476,1060,1.3705099,53,267
77745,776.49161,985,1.2685263,16,193
81126,757.23659,753,0.9944052,36,218
81092,761.67149,552,0.72472189,76,298
76691,787.91363,422,0.5355917,108,247
76606,767.90661,1791,2.3323149,9,403
79542,778.72803,1543,1.9814363,16,491
80694,770.62319,726,0.94209467,25,324
77101,785.74392,960,1.2217721,28,347
79020,775.99547,577,0.74356104,3,57
77821,768.77634,646,0.84029641,74,256
78303,795.24313,636,0.79975542,26,198
78466,792.02165,623,0.78659466,91,232
81306,801.9815,745,0.92894911,33,202
81295,804.75418,904,1.1233244,76,445
81354,774.65152,601,0.77583273,77,306
77823,780.56435,458,0.58675495,76,353
76656,779.1718,469,0.60192117,113,313
78601,791.66512,413,0.52168523,90,205
81671,783.88335,569,0.72587331,38,225
80623,787.83361,734,0.93166881,23,121
77267,794.83598,1462,1.8393732,40,2148
80466,785.4506,561,0.7142397,11,110
76192,784.77004,722,0.92001473,200,315
77708,805.45819,710,0.88148585,42,197
76972,802.95766,1150,1.432205,40,352
77263,791.39235,1133,1.431654,15,130
79048,795.00432,840,1.056598,41,190
78656,795.81603,603,0.75771281,18,274
77140,810.87209,794,0.97919266,31,203
81537,798.24807,522,0.65393205,50,196
79044,800.745,565,0.70559292,63,190
81849,794.46084,815,1.025853,27,203
78275,804.56932,783,0.97319147,43,284
77112,797.82741,1485,1.8613048,15,571
78925,835.75924,931,1.1139572,8,133
79510,790.82124,853,1.0786256,29,334
78567,807.09422,897,1.1113944,101,578
77235,803.84899,1450,1.8038214,23,186
76551,788.35709,1411,1.7897981,24,518
78647,803.22356,611,0.76068486,50,228
79378,788.1507,1446,1.8346745,23,578
76748,815.13623,894,1.0967492,11,103
76495,814.37692,896,1.1002276,66,460
78418,795.53398,527,0.66244813,25,177
78849,793.52784,705,0.88843764,40,248
76873,814.11797,1105,1.3572971,52,289
79235,829.19969,859,1.0359386,34,326
81151,823.03028,453,0.55040502,42,193
82184,832.0286,1920,2.307613,13,787
78543,850.53577,577,0.67839592,73,240
77264,800.82623,1712,2.1377921,7,737
80467,812.70709,821,1.0102041,34,219
77020,801.56226,1067,1.3311505,47,320
78064,831.61389,2300,2.7657066,6,306
77942,823.7438,941,1.1423455,120,673
81748,825.80351,755,0.91426107,22,299
77344,824.25406,525,0.63693954,80,219
77780,819.61329,741,0.9040849,57,294
77339,816.69334,768,0.94037745,97,314
76543,838.7508,922,1.0992538,44,303
78127,814.15885,751,0.92242441,11,166
79324,822.7906,1431,1.7392031,18,147
77350,821.82806,506,0.61570056,81,278
80995,849.20052,692,0.8148841,69,353
76927,841.65841,1351,1.6051643,3,129
77902,824.43053,819,0.99341299,38,326
80614,834.22702,745,0.89304228,33,251
76619,831.53404,581,0.69870862,90,324
79365,840.7039,1266,1.505881,31,474
79370,831.82203,1021,1.227426,12,158
80217,849.99454,532,0.62588637,100,386
76700,815.00074,469,0.5754596,72,312
76288,829.41064,1344,1.6204277,16,184
81549,827.54539,528,0.63803147,27,123
76931,856.02532,1141,1.3329045,24,223
80252,820.7728,829,1.0100237,36,293
80733,842.61356,443,0.52574516,31,147
81005,821.93906,1161,1.4125135,6,104
76907,827.13547,1113,1.3456079,41,378
79498,835.95166,745,0.89119986,48,268
79231,874.96939,1215,1.38862,30,324
80315,849.86466,539,0.63421863,33,199
77946,852.66725,1064,1.247849,47,397
81431,854.40516,778,0.91057503,66,219
76779,852.15145,732,0.85900223,26,377
77374,850.66696,591,0.69474898,80,337
76964,869.44699,1574,1.8103461,25,434
78877,874.12251,890,1.0181639,28,196
76692,869.00287,741,0.85270144,64,374
77944,870.7201,1205,1.383912,42,376
77098,838.80386,1648,1.9647025,21,484
77592,854.59037,596,0.69741015,96,231
79953,871.28695,780,0.89522746,48,236
77914,856.05955,804,0.939187,78,353
76496,876.19183,1064,1.2143459,99,679
80629,869.29462,447,0.51421002,88,181
80804,863.71076,554,0.64141843,18,137
79403,867.49146,1130,1.3026065,28,414
79085,867.69079,792,0.91276755,46,188
79362,860.26367,1309,1.5216265,34,574
80542,870.82081,484,0.55579747,117,387
76922,874.26308,1275,1.4583711,34,335
78816,863.49746,745,0.86277034,35,256
80956,909.5228,1066,1.1720432,47,355
81319,857.63808,625,0.72874563,62,241
76626,887.89169,638,0.71855611,41,199
78865,875.86757,741,0.84601831,10,123
79745,882.60418,749,0.84862503,35,159
77684,878.33336,513,0.5840607,99,343
77328,864.50207,755,0.8733351,90,324
79526,881.06956,1192,1.3529011,15,275
76660,868.40015,557,0.64140938,118,353
80318,857.47514,849,0.99011617,32,366
80336,880.36202,944,1.0722861,23,289
77945,880.31338,1023,1.1620862,49,410
79571,864.78209,1110,1.2835603,17,234
81338,872.51572,731,0.83780725,53,227
80681,877.7034,583,0.6642335,62,324
76389,868.47815,1144,1.3172467,38,289
78465,887.60667,585,0.65907571,103,252
80512,886.26657,722,0.81465332,48,276
77326,858.81169,645,0.75103775,69,400
77108,833.54715,691,0.8289873,15,148
78351,882.58536,539,0.6107058,58,218
78150,879.23833,848,0.96447115,77,321
76494,898.72898,1143,1.2717961,80,729
77848,887.73319,643,0.72431673,67,267
77937,891.67734,1373,1.5397947,22,289
79581,884.61759,1309,1.4797354,46,563
76618,898.2357,755,0.84053662,101,445
77152,888.09393,869,0.9785001,55,333
79720,874.50868,847,0.96854385,86,332
76539,898.60862,1015,1.129524,42,267
81340,876.40623,633,0.7222678,79,340
79576,881.60212,661,0.74977134,6,94
77899,894.80962,741,0.82810911,32,331
76684,883.74696,598,0.67666428,86,435
80309,895.4268,858,0.95820228,7,218
78358,896.12261,660,0.73650636,88,511
78348,877.58304,768,0.87513086,17,273
80329,878.78951,1174,1.3359286,12,179
81437,878.97135,759,0.86350937,47,302
76530,908.76565,1317,1.4492185,67,782
77742,883.48089,684,0.77421029,81,354
81422,904.3648,1290,1.4264155,35,405
76936,915.93271,1102,1.2031452,32,301
77124,898.95618,778,0.86544819,36,271
79921,913.11621,754,0.82574375,56,384
81661,923.20908,1255,1.3593887,36,319
79478,881.28117,1154,1.3094572,14,101
77694,882.89739,1114,1.2617548,111,749
76776,891.50234,699,0.78406973,95,422
79972,895.41515,1055,1.1782244,23,174
77746,897.53262,862,0.96041078,76,349
81326,904.0539,973,1.0762633,39,325
77031,917.61493,1435,1.5638368,23,184
78243,909.43265,1479,1.6262887,12,222
78905,899.51746,1034,1.1495052,38,257
77444,904.90127,706,0.78019561,55,227
80646,945.98221,544,0.57506367,31,106
77895,912.13842,1813,1.9876369,20,491
79078,931.87267,594,0.63742614,43,181
79852,913.2115,933,1.0216691,64,274
78881,938.97334,864,0.92015392,35,183
76955,916.1584,1175,1.2825293,54,394
77395,897.96153,586,0.6525892,111,325
81858,904.06584,765,0.84617731,97,653
80211,919.59258,841,0.91453543,45,252
77807,895.89864,509,0.56814463,100,376
77581,907.78725,892,0.98260909,99,349
78241,925.88422,877,0.94720266,57,333
81753,932.50946,1532,1.6428788,32,451
78825,931.23689,596,0.64000901,13,137
79865,910.81672,1208,1.3262822,16,281
77467,926.86337,1028,1.1091171,84,544
78829,926.14195,1306,1.410151,42,413
76614,939.71712,1899,2.0208209,20,455
81399,915.01569,649,0.70927746,63,349
80744,930.12363,704,0.75688863,42,204
76943,934.56588,1331,1.4241907,49,473
81152,935.76834,667,0.71278325,21,152
77826,967.67424,722,0.74611886,55,238
79391,943.55356,714,0.7567138,19,225
80354,940.80946,780,0.8290733,35,361
78665,924.55973,780,0.84364479,66,372
79055,957.34449,628,0.65598121,61,211
81792,931.83774,721,0.77373986,76,297
80967,940.07929,740,0.78716764,66,323
77259,932.89813,1140,1.2219984,6,87
76492,952.09723,1523,1.5996265,34,517
81373,925.48347,518,0.55970746,33,184
81611,909.43733,687,0.75541214,46,260
77794,934.19293,785,0.84029752,81,341
81755,940.51263,1011,1.0749457,35,375
80474,957.24358,1033,1.0791402,27,332
77262,943.0955,1058,1.1218376,16,143
78980,936.21491,1011,1.0798803,32,342
80285,969.83344,767,0.79085745,101,528
78629,956.79277,1307,1.366022,38,333
81356,949.90527,762,0.80218525,73,382
77449,933.62138,660,0.70692469,33,225
78878,938.81897,1415,1.5072128,20,168
79060,966.34581,802,0.82993064,61,454
77375,956.93824,567,0.59251473,88,343
76570,955.63504,2244,2.3481768,15,546
78128,986.42581,1233,1.2499673,18,186
81381,953.91293,1150,1.2055608,43,283
78349,961.03579,764,0.7949756,62,337
76701,1012.8907,825,0.81450052,66,237
76538,963.61986,947,0.98275268,24,259
76933,970.72145,1591,1.6389872,43,445
81122,945.02978,580,0.61373727,79,341
78675,974.27907,728,0.74721917,52,369
79348,971.68973,901,0.92725072,35,366
79771,1006.0508,1255,1.2474519,62,545
77750,954.80915,591,0.61897186,72,281
82170,990.93666,2291,2.311954,11,894
77938,978.69614,1387,1.4171917,97,1123
79373,972.27996,1616,1.6620727,15,773
78321,983.75519,1474,1.4983403,18,384
77689,1005.1517,578,0.57503758,122,413
79944,961.62081,941,0.97855619,23,298
80625,994.40775,1265,1.272114,44,321
76491,983.26363,1385,1.4085744,76,726
76923,993.23954,1269,1.2776374,39,421
79356,996.08064,1512,1.5179494,24,590
79262,982.41328,851,0.86623422,59,315
79722,1012.3394,1083,1.0697993,43,338
77079,999.69049,1499,1.4994641,17,238
79465,994.86318,2237,2.2485504,19,322
79731,979.94366,1136,1.1592503,10,155
78246,1002.8014,839,0.83665619,70,375
79772,996.13561,1665,1.6714592,15,270
77268,988.6583,1622,1.6406073,48,1484
77370,999.5659,873,0.87337913,75,354
81419,1013.0504,1218,1.2023094,48,317
76932,987.63202,1128,1.1421258,35,227
78545,1039.2433,629,0.60524807,77,316
77740,1010.3994,1637,1.6201514,4,227
77602,997.70029,991,0.99328427,85,366
78671,994.96806,716,0.71962109,93,473
76532,1016.6266,1192,1.1725052,74,788
76912,1025.9327,1349,1.3149011,53,525
77026,1003.065,1659,1.6539307,27,306
80596,1007.2572,1266,1.2568786,56,442
81084,999.40961,690,0.69040761,59,333
78894,1002.8969,863,0.8605072,27,293
79901,990.84408,1397,1.409909,22,355
80185,1030.5867,648,0.62876806,119,457
77034,1010.4634,1162,1.1499674,40,351
76781,1022.9152,779,0.76154895,59,348
77772,1009.511,775,0.76769842,42,336
77656,1091.1713,586,0.53703759,129,292
76181,1052.0316,568,0.53990774,176,419
76468,1040.3612,1328,1.2764797,32,362
81348,998.34627,558,0.55892431,29,123
78254,1054.873,844,0.80009631,63,326
81346,1010.4759,798,0.7897269,77,328
78095,1000.5439,770,0.76958142,15,278
81775,1028.7669,1136,1.1042346,23,320
76612,1034.3722,1963,1.8977695,12,452
79811,1036.2238,1432,1.3819409,26,339
79848,1024.5835,828,0.80813326,42,281
78256,1032.4497,1090,1.0557415,76,440
79560,1076.6972,1185,1.100588,42,334
81417,1055.0381,1209,1.1459302,57,374
78338,1028.8899,827,0.80377891,70,381
79746,1069.0455,997,0.93260764,42,272
78653,1037.7712,836,0.80557256,94,448
77809,1038.6017,915,0.8809922,38,346
77909,1039.4476,1427,1.3728446,38,415
81297,1067.7337,1323,1.239073,45,347
77352,1059.5969,843,0.79558557,136,536
77357,1093.7497,685,0.62628589,151,482
77445,1047.4035,1065,1.0168001,53,304
80472,1045.1575,1130,1.0811768,92,557
76464,1079.8974,1413,1.3084576,35,428
81745,1055.4546,879,0.83281649,56,346
78304,1059.8241,1121,1.0577227,28,359
79293,1062.6556,1202,1.1311285,63,663
81605,1044.006,842,0.80650877,37,292
79059,1082.7751,619,0.5716792,115,249
79464,1062.7312,1042,0.98049253,32,404
77907,1060.2124,1442,1.3601048,43,455
77845,1061.291,901,0.84896602,113,368
78630,1058.3722,761,0.71902871,15,155
81397,1048.0789,1298,1.2384564,65,349
77805,1108.4906,598,0.53947232,112,255
77607,1062.1606,915,0.86145165,119,376
77645,1107.3877,598,0.54000961,139,323
80750,1074.1418,830,0.7727099,56,289
77890,1090.3787,1554,1.4251929,57,706
79042,1077.7468,1439,1.335193,45,356
79458,1092.6305,1261,1.1540956,26,277
78332,1073.0116,815,0.75954444,27,304
77743,1062.4415,523,0.4922624,42,181
81519,1107.8103,1461,1.3188179,70,489
79355,1074.6342,1484,1.380935,29,689
80885,1069.113,772,0.72209392,62,348
77462,1065.946,1014,0.9512677,18,346
78644,1076.2713,950,0.88267707,73,389
81557,1106.7459,2609,2.3573613,17,415
77927,1091.5407,1093,1.0013369,104,443
80763,1094.7634,928,0.84767174,80,452
77260,1082.8019,843,0.77853576,10,174
76465,1109.433,1702,1.534117,77,1007
81400,1097.8849,1116,1.0165,59,463
78426,1090.0551,815,0.74766863,54,199
77816,1089.7837,646,0.59277818,167,446
77151,1101.5138,794,0.72082619,105,482
77621,1134.8032,637,0.56133081,124,299
78297,1099.6873,940,0.85478845,59,346
81683,1108.5187,1264,1.1402604,83,431
78096,1092.0244,1206,1.1043709,18,286
80301,1110.5102,1269,1.142718,19,328
81331,1087.9763,1205,1.1075609,49,383
77868,1091.7221,726,0.6650044,117,324
80572,1082.4635,996,0.9201234,82,350
79575,1114.9793,2799,2.5103605,12,589
78167,1139.2375,1162,1.0199805,24,269
79702,1100.9562,1009,0.91647606,46,348
79747,1103.8887,1220,1.1051839,28,356
81312,1110.7289,1432,1.2892435,83,720
81332,1096.1837,868,0.79183808,54,344
80216,1131.3498,990,0.87506092,47,333
78226,1120.56,965,0.86117655,78,507
81599,1111.9258,1160,1.0432351,15,245
77872,1111.0049,702,0.6318604,120,331
81370,1094.2014,927,0.84719321,49,333
76948,1139.1661,1286,1.128896,46,462
77822,1121.5916,966,0.86127607,98,413
80743,1145.4991,877,0.76560514,77,431
77447,1141.719,1389,1.2165866,77,621
79225,1134.7492,1336,1.1773527,47,480
78441,1123.0953,1231,1.096078,118,511
77265,1111.3785,1385,1.2462001,83,2081
78421,1125.9972,866,0.76909605,116,468
77369,1125.5221,883,0.7845248,72,294
77683,1150.909,743,0.64557667,113,294
79211,1163.96,1195,1.0266676,64,615
77390,1146.1039,706,0.616,138,343
77121,1172.6952,928,0.79133947,39,316
81357,1155.9794,1436,1.2422367,52,603
78874,1181.7522,2550,2.1578128,30,423
78577,1118.3817,1441,1.2884689,250,1890
80622,1125.5971,815,0.72406015,60,328
80548,1164.2248,1135,0.97489763,50,322
78586,1124.8491,1039,0.92367945,51,363
77930,1155.3022,1564,1.3537583,31,454
77163,1154.8416,957,0.82868508,101,492
79022,1160.1568,1211,1.0438244,106,425
80981,1155.4898,950,0.82216217,62,428
81575,1132.5311,840,0.74170149,95,371
80550,1155.8446,1479,1.2795838,34,436
80510,1161.0797,1340,1.1540982,60,335
77771,1153.8204,1114,0.96548822,25,434
78052,1140.0039,989,0.86754089,60,344
76688,1161.2027,763,0.65707736,138,453
81366,1161.9083,857,0.73757972,48,246
79732,1212.5564,1174,0.96820239,41,417
77081,1197.3067,1517,1.2670104,37,436
76885,1245.071,1355,1.0882914,81,434
77389,1169.0468,675,0.57739348,125,352
80247,1160.9112,1102,0.94925434,56,349
79341,1168.0433,2101,1.7987347,29,515
77806,1166.8569,708,0.60675821,140,319
79503,1213.6753,1569,1.2927675,30,379
78255,1186.2878,1187,1.0006004,82,469
79756,1205.8737,1803,1.4951815,46,439
81363,1195.471,1131,0.94607063,75,393
78116,1226.8125,1210,0.98629579,85,439
79559,1216.1955,1491,1.2259542,30,314
77126,1185.479,980,0.82667006,52,324
81525,1188.813,1126,0.94716326,46,375
78899,1188.2164,1911,1.6082929,21,286
78914,1198.301,910,0.75940853,79,353
77255,1183.8543,1137,0.96042224,108,532
76903,1179.9559,1749,1.4822588,66,660
79725,1180.0139,883,0.74829627,46,288
76625,1203.1114,975,0.81039877,107,563
76667,1199.4138,713,0.59445706,142,423
77591,1210.6702,1107,0.91436958,118,428
77441,1168.6627,1064,0.91044234,45,399
77651,1257.7938,776,0.61695327,147,375
81870,1179.8197,1080,0.91539411,76,481
81773,1206.2414,964,0.79917668,82,390
80163,1202.3332,781,0.64957035,122,459
77844,1222.6217,1109,0.90706717,132,474
81862,1208.7639,1552,1.2839563,98,732
80177,1209.024,800,0.66169075,130,507
77048,1239.7566,3129,2.5238825,20,608
78667,1197.8878,1064,0.8882301,112,510
78299,1224.877,1167,0.95274872,72,468
77695,1181.6594,1860,1.5740576,261,2154
76942,1245.9696,1798,1.4430529,40,517
77465,1241.0455,814,0.6558986,58,318
76918,1235.6731,2831,2.291059,19,582
76906,1218.7631,1268,1.0403991,31,271
78406,1215.1762,1077,0.88629122,103,444
77021,1212.5328,2001,1.6502646,64,570
76210,1235.4271,1029,0.83291034,128,504
79291,1211.9369,1712,1.4126148,26,304
78960,1246.6593,1918,1.5385118,38,279
79033,1246.0545,1151,0.92371562,126,468
81784,1240.2642,1545,1.2457023,140,996
77092,1239.1242,1578,1.2734801,60,630
78104,1271.509,1563,1.2292481,30,355
76682,1217.9224,712,0.58460211,152,451
76537,1251.5789,1660,1.3263247,136,1378
79815,1245.1404,1157,0.92921248,51,384
78650,1270.3573,852,0.67067745,91,574
78119,1266.9143,1568,1.2376528,94,707
78572,1276.9102,858,0.67193449,56,298
78566,1219.2424,1491,1.2228905,248,1769
77393,1237.8172,1122,0.90643433,123,528
80757,1290.8064,786,0.60892168,159,537
80842,1254.7394,894,0.71249855,42,241
79314,1280.2939,1582,1.2356538,36,395
81395,1302.5447,1032,0.79229527,137,323
82183,1309.0839,3047,2.3275819,0,23
77104,1256.6871,1662,1.3225249,52,606
77122,1291.8895,1041,0.80579647,94,531
81550,1306.1576,1227,0.93939659,87,391
76469,1277.2173,1626,1.2730802,91,577
78544,1292.2426,1104,0.85432875,111,613
78090,1274.6787,2334,1.8310497,33,328
81580,1279.3415,1370,1.0708634,70,397
80297,1246.6379,1272,1.0203444,39,360
79280,1330.2599,2285,1.7177094,14,502
79247,1278.2335,1839,1.4387043,52,488
76610,1285.3463,1459,1.1351027,33,357
77024,1284.5542,1478,1.1505937,45,474
77929,1283.34,1843,1.4360964,124,1612
80204,1288.8163,843,0.65408856,142,569
78883,1321.8308,2762,2.0895261,34,565
76750,1304.5658,1554,1.1912009,53,543
76952,1337.4014,1732,1.2950487,40,507
77368,1267.2097,1073,0.84674226,90,278
76184,1312.5234,1506,1.1474081,434,1006
79940,1285.5276,1550,1.2057306,33,387
78404,1299.1026,1213,0.93372148,107,464
80606,1325.4189,1855,1.3995575,61,406
77797,1330.2208,1315,0.98855769,115,652
80179,1297.7103,770,0.59335277,128,544
76782,1294.9823,1139,0.8795487,45,623
79556,1333.2024,1504,1.1281108,39,600
78357,1339.8318,1141,0.85159943,129,782
80821,1342.2657,945,0.70403349,72,526
79369,1309.141,2648,2.0227004,21,726
77127,1316.2245,1326,1.0074269,79,439
80206,1317.6524,786,0.59651544,132,518
76930,1330.5833,2374,1.7841799,27,516
80210,1345.4922,813,0.60423985,139,546
81434,1343.2121,1495,1.1130037,23,307
81441,1314.0142,985,0.74961138,130,512
79054,1359.7063,961,0.70677028,94,417
79520,1323.1798,1490,1.1260752,10,234
77162,1359.6269,1166,0.85758821,122,693
79282,1364.6671,1917,1.4047382,35,469
80167,1346.7451,846,0.62818123,134,537
79301,1372.4433,1980,1.4426826,42,521
79383,1382.9525,1434,1.036912,70,449
81328,1359.364,1054,0.7753626,69,285
77027,1376.3897,2090,1.5184653,48,612
77434,1375.8265,1082,0.78643637,132,716
77461,1384.1563,1047,0.75641747,115,609
77354,1365.515,993,0.72719816,139,647
77912,1386.2733,1786,1.2883462,46,601
79395,1395.9349,2164,1.5502156,25,723
77910,1374.1484,2092,1.5223974,69,732
76751,1403.219,1048,0.7468542,111,669
77142,1430.2432,1143,0.79916479,84,479
81553,1371.3835,1164,0.84877789,56,277
77232,1394.0873,2113,1.515687,58,412
78356,1395.0283,1120,0.8028511,86,413
77587,1394.9147,1596,1.144156,7,38
76540,1438.8354,2123,1.4754989,103,739
76627,1454.4081,1286,0.8842085,138,737
80679,1447.2382,823,0.56866935,191,548
79406,1436.6152,2609,1.8160743,26,546
77029,1422.9918,2100,1.475764,48,658
77132,1452.8924,1122,0.77225265,142,786
79809,1434.11,1633,1.1386853,9,50
78939,1470.8666,1139,0.77437342,32,272
76886,1540.8087,1488,0.96572663,67,734
77889,1457.2211,1630,1.1185674,47,527
79240,1494.3542,1776,1.1884733,58,502
77456,1435.4668,1249,0.87010023,51,570
78125,1488.5726,1663,1.1171776,70,602
77102,1478.6543,2006,1.3566389,60,826
76697,1505.9796,892,0.5923055,177,430
77931,1467.247,2450,1.6697938,175,3498
78346,1481.0541,1183,0.79875543,104,620
78083,1469.2798,1438,0.97871079,85,793
81585,1479.7946,1571,1.0616338,53,547
81406,1545.9538,1081,0.6992447,184,449
76940,1525.4623,2231,1.4625075,52,722
76953,1509.732,2037,1.3492461,44,494
79244,1483.5683,1508,1.0164682,41,664
77091,1514.3034,2351,1.552529,76,909
80746,1542.3666,1086,0.70411276,108,762
81614,1518.5064,1221,0.80407959,33,393
77237,1522.1218,1565,1.02817,96,598
78143,1525.6427,1358,0.89011667,64,580
79743,1545.7324,1303,0.84296609,90,431
81329,1603.9479,2839,1.7700076,64,607
77455,1517.2304,1522,1.0031436,86,550
78097,1512.161,1476,0.97608654,88,556
78103,1538.9821,1535,0.99741251,81,672
80591,1517.2469,1596,1.0519053,65,513
81004,1501.2,1827,1.2170264,46,474
78062,1600.7919,4024,2.5137558,28,665
77799,1585.8965,1896,1.1955383,61,750
77446,1577.9589,1485,0.94108915,83,590
82169,1534.5483,1767,1.1514789,52,470
76541,1603.4533,2358,1.470576,64,734
77453,1581.0491,1254,0.79314425,135,745
79763,1590.0328,1811,1.1389702,59,784
77939,1588.0376,2544,1.6019772,192,2372
77885,1594.0171,1986,1.2459088,86,829
77120,1602.3279,1491,0.93052115,33,381
79961,1591.7639,1798,1.1295645,61,652
76887,1640.9194,2017,1.229189,61,661
78099,1603.37,1514,0.94426115,23,537
77022,1667.1348,4356,2.6128661,26,1047
79394,1626.4802,1391,0.85522099,36,283
78088,1616.9633,2022,1.2504922,58,568
77936,1663.6508,2106,1.2658907,62,694
77433,1658.3445,1220,0.73567344,136,796
76493,1644.7566,2687,1.6336764,77,1136
76924,1666.4035,2101,1.2607991,52,412
78086,1674.9584,1585,0.94629216,76,845
81777,1675.6846,1421,0.84801161,53,388
80539,1690.6018,1420,0.83993759,86,508
76622,1799.454,1120,0.62241102,192,511
77327,1696.3821,1400,0.82528577,104,485
79392,1692.1261,2412,1.4254257,70,662
76749,1746.8987,1878,1.075048,98,867
80327,1674.2575,1714,1.0237374,138,1776
77039,1776.7452,2305,1.297316,42,593
79379,1766.725,2585,1.4631592,70,775
77460,1803.634,1536,0.85161402,146,887
76197,1798.4945,1233,0.68557341,274,511
81362,1780.2847,1646,0.92457122,75,481
77239,1835.0718,1797,0.97925324,82,583
82161,1826.0679,1959,1.0727969,61,561
76902,1851.6061,2884,1.5575667,71,1470
81147,1873.5723,1437,0.76698401,95,571
78949,1891.9437,3875,2.0481582,17,658
77241,1870.6086,1840,0.98363709,82,695
79962,1857.2851,1942,1.0456122,111,810
78121,1916.3705,2521,1.3155076,88,702
77900,1908.0524,1879,0.98477379,89,577
77238,1930.6145,1967,1.0188466,101,658
76560,2024.9041,2700,1.3333965,63,891
76561,2046.9031,2408,1.1764113,157,611
80314,2020.1395,1985,0.98260541,125,783
78868,2034.8131,1949,0.95782753,109,678
79708,2071.902,2520,1.2162737,108,925
81540,2152.7437,3310,1.5375727,49,558
78633,2237.7092,1749,0.7816029,93,584
78946,2275.3551,3001,1.318915,133,1656
79553,2260.4784,2262,1.0006731,141,1268
77442,2212.1445,2361,1.0672901,37,389
79405,2297.3819,2433,1.0590316,143,1095
78679,2717.6121,2980,1.0965509,91,920
76187,2808.6116,3409,1.213767,352,874
78087,3263.9616,3044,0.93260901,34,569
